user_id,age_group,study_level,study_mode,persona,favorite_categories,preferred_formats,preferred_moods,session_pattern,activity_level,time_availability,budget_sensitivity,campus_affinity,preferred_days,device_preference,home_region,discovery_style,avg_session_minutes,onboarding_interest_score
U0001,21-23,Postgraduate Taught,Full-time,Pop Culture Browser,Events|Music,Video|Playlist,Relaxed|Curious,Morning,High,Tight Schedule,Low,Mixed,Mixed,Laptop,Watford,Trendy,36,0.7
U0002,24-26,Undergraduate,Full-time,Career Builder,Tech|Finance|Career,Long Video|Article,Focused|Curious,Afternoon,Medium,Balanced,Low,Mixed,Mixed,Mobile,Remote/Online,Balanced,38,0.93
U0003,18-20,Undergraduate,Full-time,Career Builder,Finance|Tech|Study|Career,Guide|Podcast,Focused|Curious,Morning,Medium,Balanced,Low,Campus-Centered,Weekend,Mobile,Hatfield,Balanced,28,0.69
U0004,21-23,Undergraduate,Full-time,Minimalist Achiever,Productivity|Career|Study|Wellness,Short Video|Guide,Focused|Calm,Afternoon,High,Flexible,High,Mixed,Weekend,Mobile,Remote/Online,Familiar,48,0.83
U0005,21-23,Postgraduate Taught,Full-time,Wellness Seeker,Food|Fitness|Study|Lifestyle,Short Video|Article|Guide,Motivated|Relaxed,Morning,High,Balanced,Medium,Off-Campus,Weekday,Mobile,Watford,Familiar,25,0.8
U0006,18-20,Postgraduate Taught,Part-time,Campus Connector,Study|Lifestyle,Guide|Article,Motivated|Curious,Evening,Medium,Balanced,Medium,Mixed,Weekday,Laptop,Hatfield,Exploratory,25,0.65
U0007,21-23,Undergraduate,Full-time,Career Builder,Career|Finance|Study,Guide|Podcast,Curious|Motivated,Afternoon,Medium,Balanced,Low,Mixed,Weekday,Mobile,Remote/Online,Balanced,33,0.45
U0008,24-26,Postgraduate Taught,Full-time,Campus Connector,Events|Study,Carousel|Short Video,Social|Curious,Evening,Low,Tight Schedule,Medium,Off-Campus,Weekend,Mobile,London,Exploratory,12,0.64
U0009,21-23,Postgraduate Taught,Full-time,Pop Culture Browser,Events|Lifestyle,Carousel|Playlist|Video,Relaxed|Curious,Morning,Medium,Tight Schedule,Low,Mixed,Weekday,Laptop,Remote/Online,Trendy,19,0.76
U0010,21-23,Postgraduate Taught,Full-time,Focused Planner,Career|Finance,Guide|Podcast,Focused|Motivated,Late Night,Medium,Tight Schedule,Medium,Mixed,Weekend,Mobile,Watford,Balanced,21,0.52
U0011,21-23,Undergraduate,Full-time,Pop Culture Browser,Entertainment|Food|Music|Events,Video|Short Video,Relaxed|Excited,Morning,Medium,Balanced,Low,Off-Campus,Weekday,Laptop,London,Trendy,47,0.69
U0012,18-20,Undergraduate,Full-time,Focused Planner,Study|Wellness,Checklist|Guide|Article,Calm|Motivated,Late Night,High,Balanced,Medium,Off-Campus,Mixed,Mobile,Watford,Balanced,31,0.52
U0013,27-30,Postgraduate Taught,Full-time,Budget Explorer,Travel|Food|Lifestyle,Guide|Short Video,Relaxed|Curious,Early Morning,Medium,Flexible,High,Campus-Centered,Weekday,Laptop,St Albans,Trendy,25,0.74
U0014,18-20,Undergraduate,Full-time,Minimalist Achiever,Career|Productivity|Study|Finance,Article|Guide|Checklist,Motivated|Calm,Evening,Medium,Flexible,High,Off-Campus,Weekday,Laptop,London,Familiar,18,0.77
U0015,21-23,Undergraduate,Part-time,Focused Planner,Study|Career|Productivity|Wellness,Guide|Checklist,Motivated|Focused,Afternoon,Medium,Balanced,Medium,Mixed,Mixed,Mobile,Remote/Online,Balanced,24,0.68
U0016,21-23,Undergraduate,Full-time,Budget Explorer,Events|Travel,Guide|Carousel|Short Video,Curious|Relaxed,Evening,Medium,Balanced,High,Off-Campus,Weekday,Mobile,Hatfield,Trendy,24,0.98
U0017,18-20,Undergraduate,Full-time,Minimalist Achiever,Finance|Wellness,Checklist|Short Video,Calm|Focused,Late Night,High,Balanced,High,Campus-Centered,Weekend,Tablet,Remote/Online,Familiar,30,0.57
U0018,21-23,Undergraduate,Part-time,Focused Planner,Study|Wellness|Career,Podcast|Checklist,Focused|Motivated,Late Night,Medium,Flexible,Medium,Campus-Centered,Mixed,Mobile,Remote/Online,Balanced,40,0.55
U0019,21-23,Postgraduate Taught,Part-time,Campus Connector,Study|Food|Events|Lifestyle,Carousel|Article|Guide,Curious|Motivated,Morning,High,Balanced,Medium,Mixed,Weekday,Mobile,Luton,Exploratory,33,0.45
U0020,21-23,Postgraduate Taught,Full-time,Weekend Adventurer,Entertainment|Food|Travel|Lifestyle,Video|Guide|Carousel,Energetic|Excited,Early Morning,Medium,Balanced,Medium,Mixed,Weekday,Laptop,Hatfield,Exploratory,16,0.75
U0021,21-23,Undergraduate,Full-time,Minimalist Achiever,Career|Study|Wellness|Productivity,Article|Short Video|Checklist,Motivated|Focused,Evening,Medium,Tight Schedule,High,Mixed,Weekend,Laptop,Hatfield,Familiar,39,0.74
U0022,18-20,Undergraduate,Part-time,Wellness Seeker,Study|Wellness|Fitness,Guide|Short Video|Podcast,Motivated|Calm,Afternoon,Medium,Balanced,Medium,Campus-Centered,Mixed,Laptop,Hatfield,Familiar,29,0.68
U0023,21-23,Postgraduate Taught,Full-time,Minimalist Achiever,Study|Career,Guide|Checklist,Calm|Focused,Early Morning,High,Balanced,High,Mixed,Weekend,Mobile,Watford,Familiar,14,0.62
U0024,18-20,Undergraduate,Full-time,Minimalist Achiever,Finance|Career,Short Video|Checklist,Calm|Motivated,Evening,High,Flexible,High,Off-Campus,Mixed,Laptop,London,Familiar,25,0.87
U0025,21-23,Undergraduate,Full-time,Campus Connector,Lifestyle|Study|Food|Career,Short Video|Carousel|Article,Social|Curious,Evening,Medium,Tight Schedule,Medium,Campus-Centered,Weekend,Mobile,Hatfield,Exploratory,34,0.47
U0026,27-30,Postgraduate Taught,Full-time,Pop Culture Browser,Music|Entertainment|Food|Events,Carousel|Video|Short Video,Curious|Excited,Morning,Medium,Balanced,Low,Off-Campus,Weekday,Mobile,Remote/Online,Trendy,34,0.67
U0027,24-26,Postgraduate Taught,Part-time,Campus Connector,Career|Study|Lifestyle|Events,Guide|Article|Carousel,Curious|Motivated,Afternoon,High,Flexible,Medium,Mixed,Mixed,Mobile,St Albans,Exploratory,23,0.81
U0028,21-23,Postgraduate Taught,Part-time,Campus Connector,Events|Food,Short Video|Carousel|Article,Social|Curious,Afternoon,High,Balanced,Medium,Mixed,Weekday,Tablet,Hatfield,Exploratory,42,0.85
U0029,21-23,Undergraduate,Full-time,Focused Planner,Productivity|Wellness|Finance|Career,Guide|Article,Calm|Focused,Morning,High,Balanced,Medium,Off-Campus,Mixed,Laptop,Hatfield,Balanced,21,0.68
U0030,24-26,Postgraduate Taught,Full-time,Weekend Adventurer,Travel|Food|Entertainment|Events,Video|Short Video|Guide,Energetic|Excited,Morning,High,Tight Schedule,Medium,Mixed,Weekend,Mobile,St Albans,Exploratory,34,0.86
U0031,18-20,Postgraduate Taught,Full-time,Campus Connector,Events|Lifestyle|Study,Article|Guide|Carousel,Social|Motivated,Evening,High,Balanced,Medium,Mixed,Weekday,Laptop,Luton,Exploratory,25,0.69
U0032,18-20,Postgraduate Taught,Full-time,Focused Planner,Study|Finance|Career,Podcast|Article|Guide,Motivated|Calm,Late Night,Medium,Balanced,Medium,Mixed,Weekday,Mobile,St Albans,Balanced,18,0.55
U0033,21-23,Postgraduate Taught,Full-time,Wellness Seeker,Lifestyle|Study,Article|Short Video|Guide,Motivated|Relaxed,Morning,High,Balanced,Medium,Mixed,Weekday,Laptop,Hatfield,Familiar,39,0.91
U0034,24-26,Postgraduate Research,Full-time,Budget Explorer,Travel|Lifestyle,Article|Short Video,Energetic|Curious,Morning,Medium,Flexible,High,Campus-Centered,Weekend,Mobile,Watford,Trendy,30,0.86
U0035,21-23,Undergraduate,Full-time,Focused Planner,Productivity|Career,Checklist|Article,Focused|Calm,Late Night,Medium,Flexible,Medium,Mixed,Mixed,Mobile,Hatfield,Balanced,34,0.63
U0036,21-23,Postgraduate Taught,Full-time,Pop Culture Browser,Music|Food,Short Video|Carousel|Playlist,Excited|Curious,Evening,Medium,Flexible,Low,Campus-Centered,Mixed,Mobile,London,Trendy,34,0.94
U0037,18-20,Undergraduate,Full-time,Focused Planner,Productivity|Study|Career|Wellness,Article|Checklist|Podcast,Calm|Focused,Morning,Low,Tight Schedule,Medium,Mixed,Mixed,Mobile,Watford,Balanced,30,0.94
U0038,18-20,Undergraduate,Full-time,Minimalist Achiever,Wellness|Career|Finance|Productivity,Guide|Short Video,Calm|Motivated,Late Night,Low,Balanced,High,Mixed,Weekday,Mobile,Hatfield,Familiar,8,0.84
U0039,24-26,Postgraduate Taught,Full-time,Wellness Seeker,Wellness|Study|Fitness,Podcast|Article|Short Video,Motivated|Relaxed,Morning,High,Balanced,Medium,Mixed,Weekday,Mobile,St Albans,Familiar,31,0.68
U0040,21-23,Postgraduate Taught,Full-time,Weekend Adventurer,Entertainment|Lifestyle|Travel|Events,Carousel|Video|Guide,Curious|Excited,Evening,High,Balanced,Medium,Campus-Centered,Weekday,Tablet,St Albans,Exploratory,32,0.44
U0041,21-23,Undergraduate,Full-time,Wellness Seeker,Study|Lifestyle,Article|Short Video|Guide,Calm|Relaxed,Evening,Medium,Balanced,Medium,Mixed,Weekday,Tablet,London,Familiar,28,0.77
U0042,24-26,Undergraduate,Full-time,Budget Explorer,Lifestyle|Food,Short Video|Carousel|Guide,Relaxed|Energetic,Afternoon,Low,Balanced,High,Mixed,Weekend,Mobile,Hatfield,Trendy,47,0.65
U0043,21-23,Postgraduate Taught,Part-time,Budget Explorer,Events|Travel|Food|Deals,Guide|Carousel|Article,Energetic|Curious,Late Night,Medium,Balanced,High,Mixed,Weekday,Laptop,St Albans,Trendy,22,0.65
U0044,27-30,Undergraduate,Part-time,Minimalist Achiever,Career|Finance,Short Video|Checklist,Calm|Focused,Afternoon,Medium,Balanced,High,Campus-Centered,Weekend,Laptop,Remote/Online,Familiar,41,0.77
U0045,24-26,Undergraduate,Full-time,Campus Connector,Events|Lifestyle|Career,Guide|Short Video,Social|Curious,Late Night,Low,Flexible,Medium,Off-Campus,Mixed,Mobile,Hatfield,Exploratory,25,0.79
U0046,18-20,Undergraduate,Part-time,Pop Culture Browser,Food|Entertainment|Events,Video|Playlist,Curious|Relaxed,Evening,Medium,Balanced,Low,Mixed,Mixed,Mobile,Luton,Trendy,32,0.86
U0047,21-23,Undergraduate,Part-time,Weekend Adventurer,Entertainment|Events|Travel,Video|Short Video|Guide,Excited|Energetic,Early Morning,High,Balanced,Medium,Campus-Centered,Weekday,Mobile,Luton,Exploratory,23,0.67
U0048,21-23,Postgraduate Research,Part-time,Minimalist Achiever,Wellness|Career|Productivity|Finance,Article|Short Video|Guide,Focused|Calm,Evening,Medium,Balanced,High,Campus-Centered,Weekday,Laptop,Hatfield,Familiar,26,0.52
U0049,24-26,Undergraduate,Full-time,Campus Connector,Food|Events|Career,Guide|Article,Social|Curious,Evening,Medium,Balanced,Medium,Off-Campus,Mixed,Mobile,St Albans,Exploratory,34,0.76
U0050,21-23,Undergraduate,Full-time,Wellness Seeker,Fitness|Wellness|Study|Food,Guide|Article|Podcast,Calm|Relaxed,Evening,High,Flexible,Medium,Off-Campus,Mixed,Mobile,Remote/Online,Familiar,31,0.69
U0051,21-23,Postgraduate Taught,Full-time,Campus Connector,Events|Study|Career,Short Video|Carousel|Article,Motivated|Social,Early Morning,Medium,Flexible,Medium,Off-Campus,Weekday,Mobile,Hatfield,Exploratory,15,0.66
U0052,18-20,Postgraduate Research,Full-time,Minimalist Achiever,Study|Career|Wellness|Productivity,Article|Short Video|Guide,Focused|Calm,Morning,Low,Balanced,High,Campus-Centered,Mixed,Laptop,London,Familiar,27,0.61
U0053,21-23,Undergraduate,Full-time,Wellness Seeker,Fitness|Lifestyle|Food|Wellness,Short Video|Guide|Article,Motivated|Relaxed,Evening,Medium,Balanced,Medium,Off-Campus,Weekend,Mobile,Hatfield,Familiar,29,0.78
U0054,21-23,Undergraduate,Full-time,Focused Planner,Productivity|Study|Career,Article|Guide,Focused|Motivated,Morning,Low,Balanced,Medium,Campus-Centered,Mixed,Laptop,London,Balanced,51,0.74
U0055,21-23,Postgraduate Taught,Full-time,Weekend Adventurer,Events|Food,Short Video|Guide,Excited|Energetic,Late Night,Low,Tight Schedule,Medium,Campus-Centered,Weekend,Mobile,Hatfield,Exploratory,33,0.71
U0056,21-23,Undergraduate,Part-time,Career Builder,Tech|Career|Productivity,Guide|Podcast,Motivated|Focused,Evening,High,Flexible,Low,Mixed,Weekday,Laptop,St Albans,Balanced,9,0.72
U0057,21-23,Postgraduate Research,Full-time,Minimalist Achiever,Wellness|Career|Productivity,Article|Short Video,Motivated|Calm,Evening,Medium,Tight Schedule,High,Mixed,Mixed,Laptop,Luton,Familiar,31,0.98
U0058,24-26,Undergraduate,Full-time,Pop Culture Browser,Lifestyle|Food,Carousel|Video,Excited|Curious,Late Night,Medium,Flexible,Low,Mixed,Weekend,Mobile,Hatfield,Trendy,28,0.76
U0059,21-23,Postgraduate Research,Full-time,Career Builder,Finance|Productivity|Tech|Career,Guide|Article|Podcast,Focused|Curious,Late Night,High,Tight Schedule,Low,Mixed,Weekday,Laptop,Hatfield,Balanced,30,0.56
U0060,24-26,Postgraduate Research,Full-time,Focused Planner,Career|Productivity|Study|Finance,Article|Podcast|Guide,Focused|Motivated,Early Morning,Medium,Balanced,Medium,Mixed,Weekday,Laptop,Hatfield,Balanced,43,0.83
U0061,27-30,Postgraduate Taught,Part-time,Pop Culture Browser,Lifestyle|Food,Playlist|Short Video|Video,Relaxed|Curious,Afternoon,Medium,Balanced,Low,Campus-Centered,Weekday,Mobile,St Albans,Trendy,39,0.59
U0062,21-23,Postgraduate Taught,Full-time,Wellness Seeker,Food|Fitness|Study,Podcast|Guide,Calm|Relaxed,Morning,High,Flexible,Medium,Campus-Centered,Weekday,Tablet,Luton,Familiar,46,0.52
U0063,21-23,Postgraduate Taught,Full-time,Campus Connector,Food|Events|Lifestyle,Guide|Carousel|Short Video,Curious|Social,Afternoon,High,Flexible,Medium,Campus-Centered,Weekday,Laptop,Remote/Online,Exploratory,37,0.98
U0064,24-26,Postgraduate Research,Full-time,Wellness Seeker,Lifestyle|Study|Fitness|Wellness,Article|Guide|Short Video,Calm|Motivated,Late Night,Medium,Balanced,Medium,Mixed,Weekday,Laptop,Watford,Familiar,20,0.64
U0065,24-26,Undergraduate,Full-time,Budget Explorer,Food|Events,Guide|Article,Curious|Relaxed,Evening,High,Balanced,High,Mixed,Mixed,Mobile,Luton,Trendy,32,0.65
U0066,24-26,Postgraduate Taught,Full-time,Career Builder,Tech|Study|Finance|Productivity,Article|Long Video|Guide,Motivated|Focused,Afternoon,Medium,Balanced,Low,Campus-Centered,Weekend,Mobile,London,Balanced,13,0.73
U0067,18-20,Undergraduate,Full-time,Minimalist Achiever,Wellness|Finance,Checklist|Guide|Short Video,Motivated|Focused,Afternoon,Medium,Balanced,High,Campus-Centered,Weekday,Mobile,St Albans,Familiar,19,0.79
U0068,21-23,Undergraduate,Full-time,Wellness Seeker,Food|Study,Short Video|Guide|Podcast,Motivated|Relaxed,Evening,Low,Tight Schedule,Medium,Mixed,Mixed,Laptop,Remote/Online,Familiar,20,0.94
U0069,21-23,Undergraduate,Full-time,Weekend Adventurer,Events|Food|Lifestyle|Entertainment,Short Video|Video,Energetic|Excited,Evening,Medium,Balanced,Medium,Mixed,Weekend,Mobile,Hatfield,Exploratory,22,0.67
U0070,24-26,Postgraduate Taught,Part-time,Budget Explorer,Travel|Events|Food,Short Video|Article,Curious|Energetic,Late Night,Low,Flexible,High,Mixed,Mixed,Mobile,Hatfield,Trendy,39,0.55
U0071,18-20,Undergraduate,Part-time,Pop Culture Browser,Music|Lifestyle|Entertainment|Food,Video|Carousel|Playlist,Excited|Relaxed,Evening,High,Balanced,Low,Off-Campus,Mixed,Mobile,Hatfield,Trendy,33,0.9
U0072,18-20,Postgraduate Taught,Part-time,Career Builder,Study|Productivity|Career|Finance,Guide|Podcast|Article,Focused|Motivated,Late Night,Medium,Balanced,Low,Campus-Centered,Mixed,Mobile,St Albans,Balanced,13,0.75
U0073,21-23,Undergraduate,Full-time,Minimalist Achiever,Finance|Study,Short Video|Checklist,Motivated|Focused,Afternoon,Medium,Flexible,High,Mixed,Mixed,Mobile,Hatfield,Familiar,33,0.83
U0074,27-30,Postgraduate Taught,Full-time,Campus Connector,Study|Lifestyle|Career|Events,Carousel|Article,Social|Curious,Morning,Low,Tight Schedule,Medium,Campus-Centered,Weekend,Laptop,St Albans,Exploratory,17,0.54
U0075,18-20,Undergraduate,Full-time,Focused Planner,Wellness|Productivity|Career,Guide|Checklist,Focused|Calm,Afternoon,Medium,Tight Schedule,Medium,Mixed,Weekend,Tablet,London,Balanced,36,0.76
U0076,21-23,Postgraduate Taught,Full-time,Career Builder,Career|Study|Productivity,Guide|Article|Long Video,Focused|Motivated,Afternoon,High,Tight Schedule,Low,Mixed,Mixed,Mobile,Luton,Balanced,33,0.77
U0077,18-20,Postgraduate Research,Full-time,Career Builder,Study|Productivity|Career|Finance,Guide|Article|Long Video,Curious|Focused,Early Morning,Medium,Tight Schedule,Low,Mixed,Weekday,Mobile,Luton,Balanced,23,0.75
U0078,27-30,Undergraduate,Full-time,Campus Connector,Food|Events|Study,Guide|Short Video|Article,Motivated|Social,Late Night,Medium,Balanced,Medium,Mixed,Weekday,Laptop,Luton,Exploratory,34,0.62
U0079,21-23,Postgraduate Taught,Part-time,Wellness Seeker,Wellness|Study|Fitness,Podcast|Guide|Short Video,Motivated|Relaxed,Morning,Medium,Tight Schedule,Medium,Off-Campus,Mixed,Mobile,London,Familiar,51,0.79
U0080,21-23,Postgraduate Research,Full-time,Weekend Adventurer,Events|Travel|Entertainment|Lifestyle,Video|Short Video,Excited|Curious,Morning,Medium,Flexible,Medium,Campus-Centered,Mixed,Mobile,London,Exploratory,17,0.81
U0081,18-20,Undergraduate,Full-time,Career Builder,Finance|Productivity|Career|Tech,Long Video|Podcast,Curious|Focused,Afternoon,Medium,Balanced,Low,Off-Campus,Weekday,Mobile,Hatfield,Balanced,20,0.83
U0082,24-26,Postgraduate Research,Full-time,Budget Explorer,Deals|Food|Lifestyle|Travel,Short Video|Guide|Article,Energetic|Curious,Late Night,High,Tight Schedule,High,Campus-Centered,Weekday,Laptop,Hatfield,Trendy,43,0.61
U0083,21-23,Undergraduate,Full-time,Wellness Seeker,Lifestyle|Fitness|Food,Article|Guide,Motivated|Calm,Afternoon,High,Tight Schedule,Medium,Campus-Centered,Weekday,Mobile,London,Familiar,41,0.78
U0084,21-23,Postgraduate Taught,Full-time,Focused Planner,Wellness|Study|Productivity|Finance,Article|Podcast,Motivated|Calm,Morning,Low,Flexible,Medium,Campus-Centered,Mixed,Mobile,Hatfield,Balanced,40,0.98
U0085,18-20,Postgraduate Research,Full-time,Weekend Adventurer,Travel|Events|Food|Lifestyle,Guide|Carousel,Curious|Excited,Early Morning,High,Balanced,Medium,Mixed,Mixed,Mobile,London,Exploratory,28,0.61
U0086,21-23,Undergraduate,Full-time,Weekend Adventurer,Entertainment|Events|Food,Guide|Video|Short Video,Excited|Curious,Evening,Low,Flexible,Medium,Campus-Centered,Mixed,Mobile,St Albans,Exploratory,21,0.61
U0087,21-23,Undergraduate,Full-time,Campus Connector,Career|Events|Study|Lifestyle,Carousel|Article|Short Video,Curious|Motivated,Morning,Low,Balanced,Medium,Off-Campus,Mixed,Mobile,Hatfield,Exploratory,30,0.77
U0088,18-20,Undergraduate,Full-time,Minimalist Achiever,Finance|Study|Career,Checklist|Guide,Motivated|Calm,Evening,High,Tight Schedule,High,Campus-Centered,Weekday,Mobile,Hatfield,Familiar,34,0.84
U0089,21-23,Postgraduate Taught,Full-time,Weekend Adventurer,Food|Travel|Events,Video|Carousel,Energetic|Excited,Evening,Low,Tight Schedule,Medium,Campus-Centered,Weekend,Tablet,London,Exploratory,31,0.92
U0090,21-23,Undergraduate,Full-time,Weekend Adventurer,Events|Entertainment,Short Video|Carousel,Energetic|Excited,Morning,Medium,Tight Schedule,Medium,Mixed,Weekday,Tablet,Watford,Exploratory,28,0.98
U0091,21-23,Undergraduate,Part-time,Weekend Adventurer,Lifestyle|Entertainment|Food,Carousel|Short Video|Video,Energetic|Excited,Afternoon,Low,Balanced,Medium,Campus-Centered,Mixed,Tablet,London,Exploratory,37,0.6
U0092,21-23,Postgraduate Taught,Full-time,Budget Explorer,Events|Deals,Carousel|Short Video,Energetic|Relaxed,Late Night,Medium,Balanced,High,Mixed,Weekday,Mobile,London,Trendy,19,0.79
U0093,27-30,Undergraduate,Full-time,Career Builder,Career|Productivity|Finance|Tech,Long Video|Podcast|Article,Curious|Focused,Afternoon,Low,Balanced,Low,Campus-Centered,Weekday,Mobile,Hatfield,Balanced,28,0.82
U0094,24-26,Undergraduate,Full-time,Minimalist Achiever,Study|Career|Wellness,Article|Guide|Short Video,Calm|Motivated,Evening,High,Flexible,High,Mixed,Weekend,Laptop,Hatfield,Familiar,36,0.71
U0095,18-20,Postgraduate Taught,Full-time,Focused Planner,Productivity|Career|Study|Finance,Guide|Article|Checklist,Focused|Motivated,Late Night,High,Balanced,Medium,Mixed,Mixed,Mobile,St Albans,Balanced,21,0.51
U0096,21-23,Undergraduate,Part-time,Pop Culture Browser,Music|Entertainment,Carousel|Playlist,Excited|Curious,Late Night,High,Balanced,Low,Off-Campus,Weekday,Mobile,London,Trendy,26,0.84
U0097,24-26,Postgraduate Taught,Full-time,Pop Culture Browser,Music|Lifestyle,Short Video|Video,Relaxed|Curious,Evening,Medium,Tight Schedule,Low,Mixed,Mixed,Mobile,St Albans,Trendy,33,0.55
U0098,18-20,Undergraduate,Full-time,Pop Culture Browser,Lifestyle|Music|Events|Food,Video|Short Video|Carousel,Excited|Relaxed,Morning,Medium,Tight Schedule,Low,Off-Campus,Mixed,Laptop,London,Trendy,32,0.77
U0099,18-20,Undergraduate,Full-time,Focused Planner,Productivity|Study|Wellness|Finance,Guide|Article|Checklist,Motivated|Focused,Afternoon,Medium,Tight Schedule,Medium,Campus-Centered,Weekday,Laptop,St Albans,Balanced,21,0.74
U0100,18-20,Postgraduate Taught,Full-time,Budget Explorer,Events|Lifestyle|Deals|Food,Guide|Carousel|Short Video,Energetic|Relaxed,Morning,Low,Balanced,High,Mixed,Mixed,Laptop,Watford,Trendy,31,0.56
U0101,21-23,Postgraduate Taught,Full-time,Wellness Seeker,Study|Lifestyle,Article|Podcast|Short Video,Relaxed|Motivated,Early Morning,Medium,Tight Schedule,Medium,Campus-Centered,Mixed,Mobile,London,Familiar,34,0.8
U0102,21-23,Postgraduate Taught,Full-time,Campus Connector,Study|Lifestyle|Career,Guide|Short Video,Motivated|Curious,Late Night,High,Tight Schedule,Medium,Campus-Centered,Weekday,Tablet,Remote/Online,Exploratory,42,0.87
U0103,21-23,Postgraduate Research,Full-time,Focused Planner,Productivity|Career|Study,Guide|Podcast,Calm|Motivated,Late Night,Medium,Tight Schedule,Medium,Off-Campus,Mixed,Mobile,Remote/Online,Balanced,15,0.59
U0104,21-23,Undergraduate,Full-time,Focused Planner,Finance|Study|Career|Productivity,Article|Guide,Calm|Motivated,Afternoon,High,Tight Schedule,Medium,Campus-Centered,Mixed,Laptop,Hatfield,Balanced,36,0.79
U0105,18-20,Postgraduate Taught,Full-time,Pop Culture Browser,Entertainment|Music|Food|Events,Short Video|Video,Relaxed|Curious,Evening,High,Balanced,Low,Mixed,Weekday,Tablet,Hatfield,Trendy,36,0.98
U0106,27-30,Postgraduate Taught,Part-time,Minimalist Achiever,Study|Wellness|Productivity|Career,Guide|Short Video,Calm|Motivated,Afternoon,Low,Balanced,High,Campus-Centered,Weekend,Laptop,St Albans,Familiar,37,0.88
U0107,24-26,Undergraduate,Full-time,Wellness Seeker,Lifestyle|Study|Wellness|Fitness,Guide|Podcast|Short Video,Calm|Relaxed,Morning,Medium,Flexible,Medium,Mixed,Weekday,Mobile,Hatfield,Familiar,41,0.81
U0108,18-20,Undergraduate,Full-time,Pop Culture Browser,Events|Entertainment|Food,Short Video|Video,Curious|Relaxed,Afternoon,Medium,Balanced,Low,Off-Campus,Weekday,Tablet,Hatfield,Trendy,27,0.83
U0109,21-23,Undergraduate,Full-time,Minimalist Achiever,Productivity|Finance|Wellness|Study,Guide|Article|Short Video,Calm|Motivated,Evening,Medium,Balanced,High,Mixed,Mixed,Laptop,Hatfield,Familiar,22,0.69
U0110,21-23,Undergraduate,Full-time,Budget Explorer,Deals|Food|Lifestyle,Article|Short Video,Energetic|Curious,Afternoon,High,Balanced,High,Off-Campus,Weekend,Laptop,Watford,Trendy,25,0.73
U0111,27-30,Postgraduate Research,Full-time,Budget Explorer,Deals|Events|Food,Article|Short Video|Carousel,Curious|Relaxed,Morning,High,Balanced,High,Mixed,Mixed,Mobile,Watford,Trendy,56,0.46
U0112,18-20,Postgraduate Research,Full-time,Focused Planner,Finance|Career|Productivity|Study,Article|Checklist|Guide,Motivated|Calm,Early Morning,Medium,Balanced,Medium,Off-Campus,Weekday,Mobile,Hatfield,Balanced,38,0.49
U0113,21-23,Undergraduate,Part-time,Budget Explorer,Lifestyle|Events|Travel|Deals,Guide|Article,Curious|Relaxed,Afternoon,Medium,Tight Schedule,High,Campus-Centered,Weekend,Mobile,Hatfield,Trendy,25,0.87
U0114,24-26,Undergraduate,Full-time,Budget Explorer,Deals|Lifestyle|Events,Short Video|Carousel,Curious|Energetic,Morning,High,Flexible,High,Mixed,Weekday,Laptop,Hatfield,Trendy,31,0.57
U0115,24-26,Undergraduate,Full-time,Minimalist Achiever,Career|Finance|Productivity|Wellness,Guide|Article,Focused|Calm,Late Night,Medium,Balanced,High,Off-Campus,Weekday,Mobile,Luton,Familiar,23,0.82
U0116,21-23,Postgraduate Taught,Full-time,Weekend Adventurer,Lifestyle|Entertainment|Events|Travel,Carousel|Video|Short Video,Excited|Curious,Afternoon,High,Balanced,Medium,Mixed,Weekday,Mobile,Watford,Exploratory,22,0.75
U0117,18-20,Undergraduate,Full-time,Pop Culture Browser,Lifestyle|Events|Music|Entertainment,Short Video|Video,Curious|Excited,Afternoon,High,Tight Schedule,Low,Campus-Centered,Weekend,Laptop,Luton,Trendy,31,0.63
U0118,21-23,Undergraduate,Full-time,Campus Connector,Food|Lifestyle,Carousel|Short Video|Guide,Social|Curious,Evening,Low,Tight Schedule,Medium,Mixed,Weekend,Mobile,Hatfield,Exploratory,54,0.81
U0119,24-26,Undergraduate,Part-time,Budget Explorer,Deals|Travel,Short Video|Carousel|Article,Energetic|Relaxed,Early Morning,Medium,Balanced,High,Off-Campus,Mixed,Laptop,Hatfield,Trendy,8,0.75
U0120,21-23,Undergraduate,Full-time,Wellness Seeker,Fitness|Lifestyle|Study|Wellness,Podcast|Guide|Short Video,Relaxed|Calm,Late Night,High,Flexible,Medium,Campus-Centered,Mixed,Mobile,Luton,Familiar,23,0.84
U0121,18-20,Postgraduate Taught,Full-time,Focused Planner,Finance|Study|Wellness|Career,Checklist|Podcast,Calm|Focused,Evening,Medium,Balanced,Medium,Mixed,Mixed,Mobile,Remote/Online,Balanced,22,0.7
U0122,21-23,Undergraduate,Part-time,Campus Connector,Career|Events|Study,Carousel|Guide,Motivated|Social,Evening,Medium,Flexible,Medium,Campus-Centered,Mixed,Mobile,Hatfield,Exploratory,36,0.84
U0123,18-20,Undergraduate,Part-time,Budget Explorer,Events|Travel|Deals|Lifestyle,Carousel|Guide|Short Video,Curious|Relaxed,Afternoon,Low,Tight Schedule,High,Campus-Centered,Mixed,Mobile,St Albans,Trendy,17,0.67
U0124,21-23,Undergraduate,Part-time,Focused Planner,Finance|Career|Productivity|Study,Article|Checklist,Focused|Motivated,Late Night,Medium,Balanced,Medium,Campus-Centered,Weekend,Mobile,Luton,Balanced,25,0.63
U0125,24-26,Undergraduate,Full-time,Pop Culture Browser,Lifestyle|Food,Video|Carousel,Relaxed|Curious,Evening,Medium,Balanced,Low,Mixed,Weekend,Mobile,Hatfield,Trendy,50,0.78
U0126,21-23,Postgraduate Taught,Full-time,Pop Culture Browser,Food|Events|Lifestyle,Carousel|Playlist|Short Video,Excited|Relaxed,Afternoon,High,Balanced,Low,Campus-Centered,Weekday,Mobile,St Albans,Trendy,17,0.85
U0127,21-23,Postgraduate Research,Full-time,Budget Explorer,Deals|Travel|Lifestyle,Carousel|Short Video|Article,Energetic|Relaxed,Evening,High,Tight Schedule,High,Campus-Centered,Weekend,Mobile,St Albans,Trendy,54,0.86
U0128,21-23,Undergraduate,Full-time,Focused Planner,Study|Finance,Checklist|Podcast|Guide,Focused|Calm,Afternoon,High,Tight Schedule,Medium,Campus-Centered,Weekday,Laptop,London,Balanced,14,0.65
U0129,24-26,Undergraduate,Full-time,Campus Connector,Career|Events|Food,Short Video|Guide,Motivated|Curious,Late Night,Medium,Flexible,Medium,Campus-Centered,Mixed,Laptop,Hatfield,Exploratory,44,0.62
U0130,21-23,Postgraduate Taught,Full-time,Minimalist Achiever,Study|Wellness|Productivity,Checklist|Short Video|Article,Focused|Calm,Late Night,Medium,Balanced,High,Mixed,Mixed,Mobile,London,Familiar,35,0.83
U0131,21-23,Undergraduate,Full-time,Wellness Seeker,Food|Study,Podcast|Short Video|Article,Motivated|Calm,Morning,High,Balanced,Medium,Campus-Centered,Weekday,Mobile,Hatfield,Familiar,20,0.71
U0132,24-26,Undergraduate,Full-time,Campus Connector,Lifestyle|Study|Food,Guide|Article|Short Video,Motivated|Social,Early Morning,High,Balanced,Medium,Mixed,Mixed,Laptop,Remote/Online,Exploratory,8,0.58
U0133,21-23,Postgraduate Taught,Full-time,Focused Planner,Career|Productivity|Wellness,Guide|Checklist|Article,Calm|Motivated,Evening,Medium,Flexible,Medium,Mixed,Weekday,Laptop,Luton,Balanced,28,0.55
U0134,24-26,Undergraduate,Part-time,Focused Planner,Finance|Wellness,Checklist|Article,Calm|Focused,Late Night,High,Balanced,Medium,Campus-Centered,Weekend,Laptop,Hatfield,Balanced,48,0.52
U0135,21-23,Undergraduate,Full-time,Career Builder,Productivity|Study|Finance,Guide|Long Video,Motivated|Focused,Morning,Low,Balanced,Low,Off-Campus,Weekend,Mobile,Hatfield,Balanced,26,0.74
U0136,18-20,Postgraduate Taught,Full-time,Career Builder,Career|Tech|Productivity|Finance,Article|Long Video|Guide,Motivated|Focused,Evening,High,Tight Schedule,Low,Campus-Centered,Mixed,Laptop,London,Balanced,46,0.52
U0137,21-23,Postgraduate Taught,Full-time,Career Builder,Career|Tech,Guide|Podcast,Curious|Motivated,Evening,Medium,Tight Schedule,Low,Mixed,Mixed,Mobile,Remote/Online,Balanced,43,0.72
U0138,18-20,Undergraduate,Full-time,Focused Planner,Career|Study|Wellness|Productivity,Podcast|Checklist|Article,Motivated|Focused,Evening,High,Balanced,Medium,Off-Campus,Mixed,Tablet,Hatfield,Balanced,20,0.78
U0139,27-30,Postgraduate Research,Full-time,Campus Connector,Lifestyle|Food|Career|Events,Carousel|Guide|Short Video,Social|Motivated,Early Morning,Medium,Balanced,Medium,Mixed,Mixed,Mobile,Hatfield,Exploratory,33,0.64
U0140,21-23,Postgraduate Taught,Full-time,Focused Planner,Wellness|Study,Podcast|Guide,Calm|Focused,Evening,High,Tight Schedule,Medium,Campus-Centered,Weekend,Mobile,London,Balanced,31,0.67
U0141,24-26,Postgraduate Taught,Full-time,Weekend Adventurer,Events|Travel|Entertainment|Food,Video|Carousel,Excited|Curious,Late Night,Medium,Balanced,Medium,Campus-Centered,Mixed,Mobile,St Albans,Exploratory,32,0.81
U0142,18-20,Postgraduate Taught,Part-time,Wellness Seeker,Study|Wellness|Fitness,Podcast|Article|Guide,Motivated|Calm,Late Night,Low,Tight Schedule,Medium,Mixed,Weekday,Laptop,Hatfield,Familiar,48,0.55
U0143,18-20,Undergraduate,Full-time,Career Builder,Productivity|Tech|Career,Article|Long Video|Guide,Curious|Motivated,Afternoon,High,Tight Schedule,Low,Mixed,Mixed,Tablet,Hatfield,Balanced,54,0.45
U0144,24-26,Undergraduate,Full-time,Career Builder,Finance|Tech|Career,Guide|Article|Long Video,Focused|Motivated,Afternoon,High,Balanced,Low,Mixed,Mixed,Mobile,Remote/Online,Balanced,29,0.8
U0145,21-23,Undergraduate,Part-time,Focused Planner,Career|Productivity|Study|Finance,Podcast|Article|Checklist,Motivated|Calm,Evening,Medium,Tight Schedule,Medium,Off-Campus,Mixed,Mobile,Watford,Balanced,34,0.63
U0146,18-20,Undergraduate,Full-time,Career Builder,Career|Tech|Finance|Study,Guide|Podcast|Long Video,Focused|Curious,Afternoon,High,Tight Schedule,Low,Campus-Centered,Weekday,Mobile,Luton,Balanced,28,0.65
U0147,24-26,Undergraduate,Full-time,Wellness Seeker,Wellness|Fitness,Short Video|Guide|Podcast,Calm|Motivated,Morning,Medium,Tight Schedule,Medium,Mixed,Mixed,Laptop,Hatfield,Familiar,24,0.84
U0148,18-20,Postgraduate Research,Full-time,Campus Connector,Study|Events|Food,Short Video|Article,Social|Motivated,Evening,High,Balanced,Medium,Mixed,Weekday,Mobile,Luton,Exploratory,34,0.62
U0149,18-20,Postgraduate Taught,Part-time,Focused Planner,Study|Wellness,Checklist|Guide,Focused|Motivated,Evening,High,Flexible,Medium,Campus-Centered,Mixed,Laptop,Hatfield,Balanced,40,0.76
U0150,21-23,Undergraduate,Full-time,Campus Connector,Events|Career|Study,Article|Short Video,Social|Curious,Afternoon,High,Flexible,Medium,Campus-Centered,Weekend,Mobile,London,Exploratory,39,0.81
U0151,21-23,Postgraduate Taught,Full-time,Wellness Seeker,Food|Lifestyle|Fitness|Study,Article|Guide,Motivated|Calm,Afternoon,Medium,Flexible,Medium,Mixed,Weekend,Mobile,St Albans,Familiar,21,0.64
U0152,24-26,Undergraduate,Part-time,Minimalist Achiever,Study|Finance|Career|Productivity,Article|Short Video,Calm|Motivated,Morning,High,Balanced,High,Off-Campus,Mixed,Mobile,London,Familiar,39,0.81
U0153,21-23,Postgraduate Research,Full-time,Budget Explorer,Food|Travel|Lifestyle|Deals,Article|Short Video|Guide,Relaxed|Energetic,Evening,High,Flexible,High,Mixed,Mixed,Mobile,Remote/Online,Trendy,30,0.74
U0154,21-23,Undergraduate,Part-time,Minimalist Achiever,Wellness|Study|Productivity,Checklist|Short Video|Article,Focused|Calm,Morning,Medium,Tight Schedule,High,Campus-Centered,Mixed,Laptop,Hatfield,Familiar,45,0.64
U0155,18-20,Undergraduate,Full-time,Budget Explorer,Travel|Food|Lifestyle|Events,Guide|Carousel,Curious|Energetic,Late Night,Medium,Balanced,High,Off-Campus,Mixed,Mobile,Remote/Online,Trendy,37,0.69
U0156,27-30,Postgraduate Research,Full-time,Pop Culture Browser,Events|Music|Food|Entertainment,Playlist|Carousel|Video,Curious|Relaxed,Morning,High,Tight Schedule,Low,Campus-Centered,Mixed,Laptop,London,Trendy,28,0.87
U0157,24-26,Undergraduate,Full-time,Focused Planner,Study|Career|Finance,Guide|Checklist,Motivated|Calm,Late Night,Low,Balanced,Medium,Campus-Centered,Weekday,Mobile,Hatfield,Balanced,40,0.83
U0158,21-23,Undergraduate,Full-time,Focused Planner,Productivity|Finance,Checklist|Article|Guide,Motivated|Focused,Evening,Medium,Tight Schedule,Medium,Campus-Centered,Mixed,Mobile,Hatfield,Balanced,45,0.72
U0159,18-20,Postgraduate Taught,Full-time,Minimalist Achiever,Study|Career,Guide|Article|Checklist,Motivated|Focused,Evening,High,Balanced,High,Mixed,Mixed,Mobile,Hatfield,Familiar,38,0.68
U0160,24-26,Undergraduate,Full-time,Weekend Adventurer,Entertainment|Food,Guide|Short Video|Carousel,Curious|Excited,Early Morning,Medium,Tight Schedule,Medium,Mixed,Mixed,Mobile,Hatfield,Exploratory,34,0.7
U0161,21-23,Undergraduate,Full-time,Budget Explorer,Food|Deals|Events,Carousel|Article|Guide,Energetic|Relaxed,Late Night,Medium,Tight Schedule,High,Campus-Centered,Weekend,Mobile,Luton,Trendy,32,0.8
U0162,24-26,Undergraduate,Full-time,Wellness Seeker,Wellness|Study,Short Video|Podcast|Article,Relaxed|Calm,Evening,High,Balanced,Medium,Campus-Centered,Mixed,Laptop,London,Familiar,21,0.98
U0163,21-23,Postgraduate Research,Full-time,Minimalist Achiever,Wellness|Career|Productivity|Finance,Guide|Checklist,Calm|Focused,Late Night,Low,Flexible,High,Campus-Centered,Mixed,Laptop,Hatfield,Familiar,19,0.55
U0164,21-23,Postgraduate Taught,Part-time,Career Builder,Tech|Finance|Productivity,Guide|Podcast|Article,Motivated|Curious,Morning,Low,Balanced,Low,Campus-Centered,Weekday,Mobile,St Albans,Balanced,43,0.83
U0165,21-23,Undergraduate,Part-time,Career Builder,Study|Tech|Career,Podcast|Article,Focused|Motivated,Morning,Medium,Tight Schedule,Low,Mixed,Weekday,Mobile,Hatfield,Balanced,37,0.81
U0166,24-26,Undergraduate,Full-time,Campus Connector,Food|Lifestyle|Career,Article|Carousel,Motivated|Curious,Afternoon,High,Tight Schedule,Medium,Campus-Centered,Mixed,Laptop,Watford,Exploratory,30,0.59
U0167,24-26,Postgraduate Taught,Full-time,Campus Connector,Career|Study,Short Video|Guide,Curious|Motivated,Evening,Low,Flexible,Medium,Campus-Centered,Weekend,Laptop,Watford,Exploratory,31,0.63
U0168,18-20,Postgraduate Taught,Full-time,Weekend Adventurer,Lifestyle|Entertainment|Food,Short Video|Carousel,Curious|Energetic,Afternoon,Medium,Tight Schedule,Medium,Off-Campus,Mixed,Laptop,Hatfield,Exploratory,41,0.7
U0169,21-23,Postgraduate Taught,Part-time,Career Builder,Tech|Productivity,Article|Podcast,Curious|Motivated,Morning,Medium,Balanced,Low,Campus-Centered,Weekday,Laptop,Hatfield,Balanced,21,0.68
U0170,24-26,Undergraduate,Full-time,Wellness Seeker,Food|Lifestyle|Fitness,Short Video|Guide|Article,Motivated|Relaxed,Afternoon,High,Balanced,Medium,Mixed,Weekday,Laptop,St Albans,Familiar,35,0.64
U0171,24-26,Postgraduate Taught,Full-time,Weekend Adventurer,Food|Lifestyle|Events,Video|Short Video|Guide,Energetic|Excited,Late Night,High,Balanced,Medium,Mixed,Mixed,Mobile,St Albans,Exploratory,21,0.75
U0172,21-23,Postgraduate Taught,Part-time,Career Builder,Tech|Productivity,Article|Podcast|Long Video,Curious|Motivated,Late Night,High,Tight Schedule,Low,Mixed,Mixed,Laptop,London,Balanced,33,0.65
U0173,18-20,Undergraduate,Part-time,Minimalist Achiever,Study|Productivity|Finance|Career,Article|Guide,Motivated|Focused,Evening,Medium,Flexible,High,Mixed,Mixed,Mobile,Remote/Online,Familiar,25,0.75
U0174,24-26,Postgraduate Research,Full-time,Career Builder,Study|Finance|Productivity|Career,Article|Guide,Curious|Motivated,Afternoon,High,Balanced,Low,Mixed,Mixed,Mobile,London,Balanced,15,0.52
U0175,21-23,Undergraduate,Full-time,Focused Planner,Study|Wellness|Career,Checklist|Article,Focused|Motivated,Morning,Medium,Balanced,Medium,Mixed,Mixed,Laptop,Watford,Balanced,23,0.69
U0176,21-23,Undergraduate,Part-time,Wellness Seeker,Wellness|Fitness,Podcast|Guide,Relaxed|Motivated,Morning,Medium,Balanced,Medium,Mixed,Weekend,Mobile,Watford,Familiar,34,0.93
U0177,24-26,Postgraduate Taught,Full-time,Focused Planner,Career|Study|Productivity,Article|Checklist|Podcast,Calm|Focused,Evening,Low,Balanced,Medium,Mixed,Mixed,Laptop,London,Balanced,40,0.7
U0178,21-23,Undergraduate,Full-time,Focused Planner,Productivity|Wellness,Checklist|Guide,Motivated|Focused,Afternoon,Medium,Tight Schedule,Medium,Mixed,Mixed,Mobile,London,Balanced,30,0.58
U0179,18-20,Postgraduate Taught,Full-time,Focused Planner,Wellness|Productivity,Article|Checklist|Guide,Motivated|Calm,Morning,Medium,Tight Schedule,Medium,Campus-Centered,Weekend,Mobile,Remote/Online,Balanced,30,0.68
U0180,18-20,Postgraduate Taught,Part-time,Weekend Adventurer,Travel|Lifestyle,Carousel|Short Video,Energetic|Excited,Late Night,High,Balanced,Medium,Off-Campus,Weekday,Mobile,Luton,Exploratory,34,0.6
U0181,21-23,Undergraduate,Part-time,Campus Connector,Food|Career|Study,Carousel|Guide,Motivated|Social,Early Morning,Low,Flexible,Medium,Campus-Centered,Mixed,Mobile,St Albans,Exploratory,36,0.93
U0182,27-30,Undergraduate,Full-time,Minimalist Achiever,Finance|Wellness|Career,Checklist|Short Video,Calm|Motivated,Evening,Low,Balanced,High,Mixed,Weekday,Mobile,St Albans,Familiar,29,0.78
U0183,24-26,Postgraduate Taught,Full-time,Focused Planner,Study|Finance|Wellness|Productivity,Checklist|Article|Podcast,Motivated|Focused,Afternoon,Medium,Flexible,Medium,Mixed,Weekday,Mobile,Watford,Balanced,38,0.66
U0184,24-26,Postgraduate Taught,Part-time,Focused Planner,Study|Finance|Wellness|Career,Article|Checklist,Focused|Calm,Evening,Low,Tight Schedule,Medium,Campus-Centered,Weekday,Mobile,London,Balanced,33,0.72
U0185,21-23,Postgraduate Taught,Full-time,Career Builder,Career|Study,Long Video|Guide|Article,Focused|Motivated,Afternoon,Low,Balanced,Low,Campus-Centered,Weekday,Laptop,London,Balanced,32,0.61
U0186,24-26,Postgraduate Taught,Full-time,Weekend Adventurer,Lifestyle|Events|Food|Entertainment,Guide|Short Video|Carousel,Curious|Energetic,Late Night,Medium,Tight Schedule,Medium,Mixed,Weekday,Mobile,Luton,Exploratory,31,0.79
U0187,24-26,Undergraduate,Full-time,Minimalist Achiever,Wellness|Study|Finance,Checklist|Short Video,Focused|Calm,Evening,High,Tight Schedule,High,Off-Campus,Weekday,Laptop,Hatfield,Familiar,46,0.85
U0188,27-30,Postgraduate Taught,Full-time,Weekend Adventurer,Travel|Lifestyle|Events,Video|Carousel|Short Video,Energetic|Excited,Evening,Low,Balanced,Medium,Campus-Centered,Mixed,Mobile,London,Exploratory,54,0.61
U0189,21-23,Undergraduate,Full-time,Wellness Seeker,Study|Lifestyle|Fitness,Podcast|Guide,Motivated|Relaxed,Late Night,High,Flexible,Medium,Mixed,Weekday,Laptop,London,Familiar,40,0.75
U0190,21-23,Undergraduate,Full-time,Budget Explorer,Events|Lifestyle,Article|Guide|Short Video,Energetic|Relaxed,Evening,High,Balanced,High,Off-Campus,Weekend,Laptop,St Albans,Trendy,55,0.61
U0191,24-26,Postgraduate Research,Full-time,Focused Planner,Productivity|Finance,Article|Podcast,Focused|Motivated,Early Morning,Medium,Balanced,Medium,Campus-Centered,Mixed,Mobile,Luton,Balanced,21,0.64
U0192,21-23,Postgraduate Research,Part-time,Focused Planner,Wellness|Study|Career|Finance,Podcast|Checklist,Calm|Focused,Evening,High,Tight Schedule,Medium,Campus-Centered,Mixed,Laptop,Remote/Online,Balanced,8,0.65
U0193,21-23,Undergraduate,Full-time,Campus Connector,Food|Study|Career|Events,Guide|Carousel|Short Video,Motivated|Social,Morning,Low,Tight Schedule,Medium,Mixed,Weekday,Mobile,Watford,Exploratory,22,0.74
U0194,21-23,Postgraduate Research,Full-time,Budget Explorer,Lifestyle|Food,Carousel|Guide|Article,Relaxed|Curious,Early Morning,High,Balanced,High,Mixed,Weekday,Mobile,Hatfield,Trendy,34,0.98
U0195,21-23,Postgraduate Taught,Part-time,Weekend Adventurer,Food|Events|Lifestyle,Short Video|Carousel|Video,Energetic|Curious,Afternoon,High,Balanced,Medium,Mixed,Weekday,Mobile,Watford,Exploratory,41,0.64
U0196,27-30,Postgraduate Taught,Full-time,Focused Planner,Career|Finance|Study|Productivity,Guide|Checklist|Article,Focused|Motivated,Late Night,Low,Balanced,Medium,Mixed,Mixed,Mobile,Hatfield,Balanced,21,0.79
U0197,18-20,Postgraduate Taught,Full-time,Wellness Seeker,Lifestyle|Wellness|Food|Study,Short Video|Podcast,Motivated|Calm,Afternoon,Low,Flexible,Medium,Mixed,Weekend,Mobile,Hatfield,Familiar,16,0.98
U0198,21-23,Undergraduate,Full-time,Career Builder,Tech|Career,Guide|Podcast,Curious|Motivated,Late Night,Medium,Tight Schedule,Low,Off-Campus,Weekend,Laptop,Hatfield,Balanced,43,0.65
U0199,24-26,Undergraduate,Full-time,Budget Explorer,Travel|Deals,Article|Carousel|Guide,Relaxed|Energetic,Late Night,Low,Balanced,High,Off-Campus,Weekday,Laptop,Remote/Online,Trendy,12,0.91
U0200,18-20,Postgraduate Taught,Part-time,Weekend Adventurer,Lifestyle|Events|Travel,Video|Guide,Energetic|Curious,Late Night,Medium,Balanced,Medium,Campus-Centered,Mixed,Mobile,Hatfield,Exploratory,29,0.89
U0201,21-23,Undergraduate,Full-time,Wellness Seeker,Food|Fitness|Study,Article|Guide,Relaxed|Calm,Evening,High,Balanced,Medium,Campus-Centered,Weekday,Mobile,Hatfield,Familiar,13,0.64
U0202,21-23,Undergraduate,Full-time,Budget Explorer,Deals|Lifestyle,Article|Guide|Carousel,Curious|Relaxed,Late Night,Medium,Flexible,High,Off-Campus,Weekday,Mobile,Hatfield,Trendy,31,0.73
U0203,18-20,Postgraduate Taught,Full-time,Minimalist Achiever,Productivity|Wellness,Short Video|Article,Calm|Focused,Morning,Low,Balanced,High,Campus-Centered,Mixed,Laptop,Hatfield,Familiar,26,0.81
U0204,21-23,Postgraduate Taught,Part-time,Career Builder,Career|Study|Productivity|Tech,Article|Podcast,Motivated|Focused,Morning,Low,Flexible,Low,Campus-Centered,Mixed,Mobile,Hatfield,Balanced,19,0.7
U0205,21-23,Undergraduate,Full-time,Budget Explorer,Travel|Lifestyle|Events|Deals,Short Video|Carousel|Article,Relaxed|Curious,Morning,High,Balanced,High,Campus-Centered,Mixed,Laptop,Hatfield,Trendy,32,0.79
U0206,24-26,Undergraduate,Full-time,Budget Explorer,Events|Deals,Guide|Article|Carousel,Relaxed|Energetic,Late Night,Low,Tight Schedule,High,Campus-Centered,Weekend,Laptop,Hatfield,Trendy,38,0.56
U0207,18-20,Undergraduate,Full-time,Budget Explorer,Food|Deals|Lifestyle,Carousel|Short Video|Guide,Curious|Relaxed,Evening,Medium,Flexible,High,Campus-Centered,Weekday,Laptop,London,Trendy,14,0.9
U0208,18-20,Postgraduate Taught,Full-time,Career Builder,Career|Finance|Tech|Study,Long Video|Article|Guide,Curious|Focused,Morning,Medium,Tight Schedule,Low,Mixed,Mixed,Laptop,Hatfield,Balanced,34,0.62
U0209,27-30,Postgraduate Taught,Part-time,Career Builder,Career|Tech,Long Video|Guide,Curious|Motivated,Evening,Low,Tight Schedule,Low,Mixed,Mixed,Mobile,Hatfield,Balanced,48,0.74
U0210,27-30,Postgraduate Taught,Full-time,Minimalist Achiever,Finance|Wellness|Career|Productivity,Guide|Short Video|Article,Motivated|Focused,Afternoon,High,Tight Schedule,High,Mixed,Mixed,Mobile,London,Familiar,43,0.73
U0211,21-23,Undergraduate,Full-time,Wellness Seeker,Fitness|Wellness|Food,Article|Podcast,Calm|Relaxed,Early Morning,Medium,Balanced,Medium,Campus-Centered,Mixed,Mobile,St Albans,Familiar,53,0.97
U0212,21-23,Undergraduate,Full-time,Weekend Adventurer,Entertainment|Events|Lifestyle|Food,Guide|Carousel,Energetic|Excited,Evening,Medium,Flexible,Medium,Mixed,Mixed,Mobile,Watford,Exploratory,28,0.86
U0213,18-20,Undergraduate,Part-time,Budget Explorer,Events|Deals,Short Video|Carousel|Article,Energetic|Curious,Late Night,Low,Tight Schedule,High,Campus-Centered,Weekday,Mobile,St Albans,Trendy,38,0.91
U0214,27-30,Undergraduate,Full-time,Minimalist Achiever,Wellness|Study|Finance|Productivity,Short Video|Guide,Calm|Focused,Early Morning,High,Balanced,High,Mixed,Weekend,Laptop,Remote/Online,Familiar,20,0.82
U0215,18-20,Undergraduate,Full-time,Focused Planner,Finance|Career|Wellness,Checklist|Podcast|Article,Motivated|Calm,Evening,High,Tight Schedule,Medium,Mixed,Weekday,Tablet,St Albans,Balanced,42,0.47
U0216,18-20,Undergraduate,Full-time,Career Builder,Finance|Productivity,Guide|Podcast|Long Video,Curious|Focused,Evening,Medium,Balanced,Low,Off-Campus,Mixed,Laptop,Watford,Balanced,17,0.43
U0217,18-20,Postgraduate Taught,Full-time,Minimalist Achiever,Finance|Productivity|Career,Article|Checklist,Motivated|Calm,Afternoon,High,Balanced,High,Campus-Centered,Mixed,Mobile,Hatfield,Familiar,28,0.82
U0218,27-30,Undergraduate,Full-time,Pop Culture Browser,Entertainment|Music|Lifestyle,Playlist|Short Video|Video,Relaxed|Curious,Morning,High,Flexible,Low,Campus-Centered,Weekday,Mobile,London,Trendy,47,0.73
U0219,21-23,Postgraduate Taught,Part-time,Budget Explorer,Food|Events,Short Video|Guide|Carousel,Relaxed|Energetic,Late Night,Medium,Balanced,High,Off-Campus,Mixed,Mobile,Hatfield,Trendy,48,0.53
U0220,18-20,Postgraduate Research,Full-time,Wellness Seeker,Study|Lifestyle,Article|Podcast|Guide,Relaxed|Motivated,Afternoon,High,Balanced,Medium,Campus-Centered,Weekday,Laptop,Hatfield,Familiar,12,0.71
U0221,18-20,Postgraduate Taught,Full-time,Wellness Seeker,Fitness|Food|Wellness,Short Video|Podcast|Guide,Relaxed|Motivated,Afternoon,Medium,Balanced,Medium,Mixed,Mixed,Laptop,Luton,Familiar,35,0.72
U0222,21-23,Undergraduate,Part-time,Pop Culture Browser,Food|Lifestyle,Video|Short Video|Playlist,Curious|Excited,Afternoon,Low,Balanced,Low,Campus-Centered,Mixed,Mobile,St Albans,Trendy,8,0.71
U0223,21-23,Postgraduate Taught,Full-time,Pop Culture Browser,Music|Events,Short Video|Video|Playlist,Excited|Relaxed,Morning,Medium,Tight Schedule,Low,Mixed,Mixed,Mobile,London,Trendy,16,0.81
U0224,27-30,Postgraduate Taught,Full-time,Wellness Seeker,Food|Study|Lifestyle,Short Video|Article|Guide,Relaxed|Motivated,Evening,Medium,Balanced,Medium,Mixed,Mixed,Mobile,Hatfield,Familiar,35,0.59
U0225,21-23,Undergraduate,Part-time,Budget Explorer,Lifestyle|Events|Deals,Guide|Article|Carousel,Curious|Relaxed,Evening,Medium,Balanced,High,Off-Campus,Mixed,Mobile,Hatfield,Trendy,25,0.57
U0226,18-20,Undergraduate,Full-time,Focused Planner,Finance|Productivity,Checklist|Podcast,Calm|Motivated,Evening,Low,Tight Schedule,Medium,Mixed,Weekend,Mobile,London,Balanced,30,0.85
U0227,27-30,Postgraduate Taught,Full-time,Budget Explorer,Lifestyle|Events,Carousel|Guide|Article,Energetic|Relaxed,Evening,Low,Balanced,High,Mixed,Weekday,Mobile,London,Trendy,20,0.79
U0228,24-26,Undergraduate,Full-time,Campus Connector,Food|Career|Study,Article|Guide|Carousel,Curious|Social,Early Morning,High,Flexible,Medium,Mixed,Weekday,Mobile,Hatfield,Exploratory,25,0.61
U0229,24-26,Postgraduate Taught,Part-time,Budget Explorer,Events|Lifestyle,Carousel|Guide,Curious|Energetic,Afternoon,Medium,Tight Schedule,High,Mixed,Weekend,Laptop,London,Trendy,29,0.58
U0230,21-23,Undergraduate,Full-time,Pop Culture Browser,Events|Food|Music,Short Video|Carousel,Excited|Relaxed,Morning,Low,Tight Schedule,Low,Campus-Centered,Mixed,Mobile,Remote/Online,Trendy,24,0.55
U0231,21-23,Postgraduate Taught,Full-time,Weekend Adventurer,Entertainment|Travel,Short Video|Carousel,Curious|Energetic,Early Morning,Medium,Balanced,Medium,Campus-Centered,Weekday,Laptop,Hatfield,Exploratory,52,0.72
U0232,24-26,Undergraduate,Full-time,Budget Explorer,Food|Deals|Events,Guide|Article,Energetic|Curious,Late Night,Low,Balanced,High,Campus-Centered,Weekend,Laptop,London,Trendy,23,0.75
U0233,18-20,Postgraduate Taught,Full-time,Minimalist Achiever,Finance|Study|Career,Checklist|Article,Focused|Calm,Late Night,Medium,Flexible,High,Campus-Centered,Weekend,Mobile,Luton,Familiar,29,0.69
U0234,21-23,Undergraduate,Part-time,Wellness Seeker,Fitness|Wellness|Lifestyle,Guide|Short Video|Article,Motivated|Calm,Morning,Medium,Tight Schedule,Medium,Mixed,Mixed,Laptop,Hatfield,Familiar,37,0.83
U0235,18-20,Postgraduate Taught,Full-time,Budget Explorer,Lifestyle|Deals|Events|Food,Carousel|Article,Relaxed|Energetic,Evening,Medium,Tight Schedule,High,Campus-Centered,Weekend,Laptop,Hatfield,Trendy,25,0.64
U0236,21-23,Postgraduate Taught,Part-time,Campus Connector,Study|Events|Food|Lifestyle,Short Video|Article|Guide,Motivated|Social,Afternoon,High,Balanced,Medium,Campus-Centered,Mixed,Laptop,London,Exploratory,27,0.4
U0237,18-20,Postgraduate Taught,Full-time,Career Builder,Study|Productivity|Finance|Tech,Long Video|Podcast|Article,Motivated|Curious,Morning,Medium,Tight Schedule,Low,Campus-Centered,Weekday,Laptop,St Albans,Balanced,14,0.91
U0238,21-23,Postgraduate Taught,Full-time,Career Builder,Tech|Finance|Career|Productivity,Guide|Long Video,Curious|Motivated,Late Night,Medium,Balanced,Low,Mixed,Mixed,Laptop,Luton,Balanced,49,0.69
U0239,21-23,Undergraduate,Full-time,Focused Planner,Career|Productivity|Wellness|Finance,Article|Checklist|Podcast,Motivated|Focused,Morning,Medium,Balanced,Medium,Mixed,Mixed,Laptop,London,Balanced,37,0.76
U0240,27-30,Postgraduate Research,Full-time,Pop Culture Browser,Lifestyle|Entertainment|Food|Events,Playlist|Carousel|Short Video,Excited|Curious,Evening,Medium,Balanced,Low,Mixed,Mixed,Mobile,Hatfield,Trendy,64,0.88
U0241,21-23,Undergraduate,Part-time,Wellness Seeker,Study|Food|Fitness,Short Video|Guide|Article,Relaxed|Calm,Evening,High,Tight Schedule,Medium,Campus-Centered,Mixed,Mobile,Luton,Familiar,29,0.59
U0242,24-26,Undergraduate,Full-time,Pop Culture Browser,Food|Music|Entertainment,Carousel|Video,Excited|Relaxed,Morning,Medium,Balanced,Low,Mixed,Weekday,Mobile,Hatfield,Trendy,13,0.75
U0243,24-26,Undergraduate,Full-time,Career Builder,Tech|Career|Finance,Guide|Podcast|Article,Focused|Motivated,Early Morning,Low,Flexible,Low,Campus-Centered,Mixed,Laptop,Hatfield,Balanced,22,0.52
U0244,21-23,Undergraduate,Full-time,Campus Connector,Events|Food|Lifestyle,Short Video|Guide,Social|Motivated,Evening,Medium,Balanced,Medium,Mixed,Weekday,Mobile,Luton,Exploratory,23,0.57
U0245,24-26,Undergraduate,Full-time,Budget Explorer,Food|Deals|Lifestyle,Carousel|Article,Relaxed|Curious,Morning,Medium,Balanced,High,Mixed,Weekday,Laptop,Watford,Trendy,49,0.84
U0246,21-23,Postgraduate Taught,Full-time,Budget Explorer,Lifestyle|Deals,Short Video|Carousel|Article,Energetic|Curious,Afternoon,Medium,Flexible,High,Mixed,Mixed,Mobile,Hatfield,Trendy,30,0.93
U0247,21-23,Undergraduate,Part-time,Focused Planner,Study|Career,Article|Checklist,Calm|Focused,Evening,Medium,Tight Schedule,Medium,Mixed,Weekday,Mobile,Hatfield,Balanced,31,0.6
U0248,21-23,Undergraduate,Full-time,Pop Culture Browser,Music|Events,Video|Playlist|Short Video,Relaxed|Excited,Afternoon,High,Tight Schedule,Low,Mixed,Weekday,Mobile,Hatfield,Trendy,47,0.8
U0249,21-23,Undergraduate,Full-time,Campus Connector,Food|Events|Lifestyle|Study,Article|Guide|Carousel,Social|Curious,Late Night,Medium,Tight Schedule,Medium,Off-Campus,Weekday,Mobile,Watford,Exploratory,19,0.69
U0250,24-26,Postgraduate Taught,Full-time,Focused Planner,Career|Wellness|Finance|Study,Podcast|Article,Motivated|Calm,Evening,High,Tight Schedule,Medium,Campus-Centered,Weekend,Mobile,Watford,Balanced,21,0.53
U0251,21-23,Undergraduate,Full-time,Wellness Seeker,Study|Fitness|Lifestyle|Wellness,Short Video|Guide,Motivated|Calm,Late Night,Medium,Flexible,Medium,Campus-Centered,Mixed,Mobile,Hatfield,Familiar,41,0.98
U0252,18-20,Undergraduate,Full-time,Minimalist Achiever,Wellness|Career,Checklist|Article|Short Video,Motivated|Calm,Morning,High,Tight Schedule,High,Mixed,Mixed,Laptop,Watford,Familiar,15,0.8
U0253,21-23,Postgraduate Taught,Full-time,Budget Explorer,Food|Travel,Short Video|Guide,Curious|Energetic,Evening,Medium,Tight Schedule,High,Mixed,Weekday,Laptop,St Albans,Trendy,23,0.65
U0254,27-30,Postgraduate Research,Part-time,Pop Culture Browser,Lifestyle|Food,Video|Short Video|Playlist,Relaxed|Curious,Morning,Medium,Balanced,Low,Campus-Centered,Mixed,Tablet,Remote/Online,Trendy,24,0.6
U0255,27-30,Postgraduate Taught,Full-time,Career Builder,Study|Productivity|Tech,Guide|Podcast|Article,Curious|Motivated,Evening,Medium,Balanced,Low,Mixed,Mixed,Mobile,Remote/Online,Balanced,31,0.6
U0256,24-26,Undergraduate,Full-time,Wellness Seeker,Wellness|Lifestyle|Food,Guide|Short Video,Relaxed|Calm,Afternoon,High,Balanced,Medium,Off-Campus,Weekend,Laptop,Hatfield,Familiar,33,0.71
U0257,24-26,Postgraduate Taught,Part-time,Career Builder,Tech|Productivity,Long Video|Article|Podcast,Motivated|Focused,Early Morning,Medium,Tight Schedule,Low,Mixed,Mixed,Mobile,Watford,Balanced,28,0.59
U0258,27-30,Postgraduate Taught,Full-time,Focused Planner,Finance|Career|Productivity|Study,Checklist|Podcast,Focused|Motivated,Afternoon,High,Flexible,Medium,Campus-Centered,Mixed,Mobile,Hatfield,Balanced,24,0.83
U0259,21-23,Postgraduate Taught,Full-time,Campus Connector,Food|Study|Events,Article|Carousel,Curious|Social,Evening,Medium,Tight Schedule,Medium,Mixed,Weekend,Mobile,Hatfield,Exploratory,36,0.58
U0260,18-20,Postgraduate Taught,Full-time,Wellness Seeker,Study|Food,Article|Short Video,Motivated|Relaxed,Morning,Medium,Tight Schedule,Medium,Campus-Centered,Weekday,Tablet,Hatfield,Familiar,32,0.83
U0261,24-26,Postgraduate Taught,Part-time,Weekend Adventurer,Lifestyle|Events|Entertainment|Food,Short Video|Video,Excited|Curious,Afternoon,High,Balanced,Medium,Campus-Centered,Mixed,Mobile,St Albans,Exploratory,12,0.8
U0262,24-26,Postgraduate Taught,Full-time,Budget Explorer,Events|Food,Short Video|Article,Energetic|Relaxed,Evening,Medium,Balanced,High,Off-Campus,Weekend,Mobile,London,Trendy,23,0.8
U0263,18-20,Postgraduate Taught,Full-time,Wellness Seeker,Lifestyle|Study|Wellness|Food,Guide|Article|Podcast,Relaxed|Motivated,Early Morning,Medium,Tight Schedule,Medium,Campus-Centered,Mixed,Mobile,London,Familiar,22,0.47
U0264,21-23,Undergraduate,Full-time,Pop Culture Browser,Entertainment|Events|Music,Short Video|Carousel|Video,Excited|Curious,Afternoon,High,Flexible,Low,Mixed,Weekend,Mobile,Hatfield,Trendy,13,0.73
U0265,21-23,Undergraduate,Full-time,Budget Explorer,Events|Lifestyle|Travel,Short Video|Guide|Article,Energetic|Relaxed,Evening,High,Tight Schedule,High,Campus-Centered,Mixed,Mobile,St Albans,Trendy,33,0.59
U0266,18-20,Undergraduate,Full-time,Wellness Seeker,Study|Lifestyle,Article|Guide,Calm|Relaxed,Evening,Medium,Balanced,Medium,Off-Campus,Weekday,Mobile,Hatfield,Familiar,38,0.49
U0267,21-23,Postgraduate Taught,Full-time,Campus Connector,Events|Lifestyle,Guide|Short Video,Social|Curious,Morning,Medium,Balanced,Medium,Campus-Centered,Mixed,Mobile,Remote/Online,Exploratory,30,0.55
U0268,21-23,Undergraduate,Full-time,Budget Explorer,Deals|Events,Short Video|Article,Curious|Relaxed,Late Night,High,Balanced,High,Mixed,Weekday,Mobile,Hatfield,Trendy,23,0.73
U0269,18-20,Postgraduate Research,Full-time,Minimalist Achiever,Career|Wellness|Finance,Article|Guide|Checklist,Focused|Calm,Afternoon,Low,Balanced,High,Mixed,Weekday,Tablet,Luton,Familiar,21,0.67
U0270,18-20,Undergraduate,Full-time,Wellness Seeker,Wellness|Food,Short Video|Article|Podcast,Relaxed|Calm,Early Morning,High,Balanced,Medium,Off-Campus,Mixed,Laptop,St Albans,Familiar,42,0.64
U0271,21-23,Postgraduate Taught,Full-time,Weekend Adventurer,Events|Travel|Lifestyle,Short Video|Guide,Excited|Energetic,Afternoon,Medium,Tight Schedule,Medium,Off-Campus,Weekday,Mobile,Hatfield,Exploratory,40,0.56
U0272,24-26,Undergraduate,Full-time,Minimalist Achiever,Study|Finance|Career,Checklist|Guide,Calm|Focused,Morning,Medium,Balanced,High,Mixed,Mixed,Mobile,London,Familiar,36,0.92
U0273,21-23,Undergraduate,Full-time,Focused Planner,Wellness|Finance|Study,Guide|Podcast|Article,Motivated|Calm,Evening,High,Balanced,Medium,Mixed,Mixed,Mobile,Hatfield,Balanced,8,0.61
U0274,18-20,Postgraduate Research,Full-time,Pop Culture Browser,Food|Lifestyle,Carousel|Video,Relaxed|Excited,Evening,High,Tight Schedule,Low,Mixed,Weekday,Mobile,Hatfield,Trendy,37,0.69
U0275,21-23,Postgraduate Taught,Part-time,Wellness Seeker,Wellness|Fitness|Food|Study,Podcast|Guide|Short Video,Relaxed|Motivated,Morning,High,Balanced,Medium,Off-Campus,Mixed,Laptop,London,Familiar,35,0.64
U0276,18-20,Undergraduate,Full-time,Wellness Seeker,Food|Wellness,Article|Short Video|Guide,Motivated|Relaxed,Morning,Medium,Balanced,Medium,Mixed,Weekend,Mobile,Hatfield,Familiar,31,0.7
U0277,24-26,Undergraduate,Full-time,Focused Planner,Finance|Career|Study|Productivity,Guide|Article|Podcast,Focused|Motivated,Early Morning,Low,Tight Schedule,Medium,Mixed,Mixed,Laptop,Watford,Balanced,43,0.76
U0278,21-23,Postgraduate Taught,Full-time,Minimalist Achiever,Career|Finance|Study|Wellness,Short Video|Guide|Checklist,Calm|Motivated,Morning,Medium,Balanced,High,Mixed,Weekend,Tablet,London,Familiar,34,0.66
U0279,27-30,Postgraduate Taught,Full-time,Pop Culture Browser,Food|Lifestyle,Video|Playlist,Relaxed|Curious,Evening,High,Tight Schedule,Low,Mixed,Mixed,Laptop,Watford,Trendy,25,0.66
U0280,21-23,Postgraduate Research,Full-time,Wellness Seeker,Food|Wellness|Fitness|Lifestyle,Short Video|Podcast|Guide,Calm|Motivated,Evening,Medium,Balanced,Medium,Mixed,Weekday,Laptop,Hatfield,Familiar,35,0.66
U0281,24-26,Undergraduate,Full-time,Pop Culture Browser,Music|Entertainment|Events|Food,Playlist|Video,Excited|Curious,Morning,Medium,Flexible,Low,Campus-Centered,Weekday,Mobile,London,Trendy,34,0.98
U0282,21-23,Undergraduate,Full-time,Budget Explorer,Lifestyle|Travel|Deals,Carousel|Short Video,Curious|Energetic,Evening,High,Balanced,High,Mixed,Weekend,Laptop,Watford,Trendy,40,0.67
U0283,21-23,Postgraduate Research,Part-time,Budget Explorer,Lifestyle|Food|Events|Travel,Short Video|Carousel,Curious|Energetic,Afternoon,Medium,Balanced,High,Mixed,Weekday,Mobile,St Albans,Trendy,44,0.66
U0284,21-23,Postgraduate Research,Part-time,Weekend Adventurer,Entertainment|Food|Lifestyle,Short Video|Guide,Curious|Energetic,Evening,High,Tight Schedule,Medium,Campus-Centered,Mixed,Mobile,Luton,Exploratory,8,0.58
U0285,18-20,Undergraduate,Full-time,Pop Culture Browser,Food|Music|Events|Lifestyle,Playlist|Carousel,Curious|Excited,Early Morning,Low,Tight Schedule,Low,Mixed,Weekday,Mobile,London,Trendy,10,0.67
U0286,21-23,Postgraduate Research,Part-time,Focused Planner,Study|Productivity|Career|Finance,Guide|Checklist,Motivated|Focused,Evening,High,Tight Schedule,Medium,Mixed,Mixed,Laptop,Remote/Online,Balanced,31,0.95
U0287,18-20,Postgraduate Research,Full-time,Weekend Adventurer,Food|Lifestyle|Travel,Guide|Short Video,Curious|Excited,Afternoon,Medium,Balanced,Medium,Off-Campus,Mixed,Mobile,St Albans,Exploratory,34,0.69
U0288,24-26,Undergraduate,Full-time,Budget Explorer,Travel|Food|Events,Short Video|Carousel|Guide,Relaxed|Curious,Early Morning,High,Flexible,High,Mixed,Weekday,Laptop,Remote/Online,Trendy,40,0.41
U0289,24-26,Undergraduate,Full-time,Wellness Seeker,Lifestyle|Study|Fitness|Food,Guide|Article,Relaxed|Motivated,Afternoon,High,Balanced,Medium,Mixed,Mixed,Tablet,Hatfield,Familiar,33,0.83
U0290,18-20,Postgraduate Taught,Part-time,Wellness Seeker,Wellness|Lifestyle|Fitness,Guide|Podcast,Motivated|Relaxed,Early Morning,Medium,Balanced,Medium,Off-Campus,Weekend,Mobile,Hatfield,Familiar,14,0.88
U0291,21-23,Undergraduate,Full-time,Focused Planner,Study|Finance|Wellness|Productivity,Checklist|Podcast|Guide,Calm|Focused,Late Night,Low,Tight Schedule,Medium,Mixed,Weekend,Tablet,Remote/Online,Balanced,34,0.66
U0292,21-23,Undergraduate,Full-time,Wellness Seeker,Study|Fitness|Wellness|Food,Short Video|Podcast,Calm|Motivated,Early Morning,High,Balanced,Medium,Off-Campus,Mixed,Mobile,London,Familiar,37,0.98
U0293,27-30,Postgraduate Taught,Full-time,Campus Connector,Events|Career,Article|Carousel|Short Video,Motivated|Curious,Afternoon,High,Tight Schedule,Medium,Off-Campus,Weekday,Mobile,Hatfield,Exploratory,33,0.75
U0294,18-20,Postgraduate Taught,Full-time,Focused Planner,Study|Finance|Productivity,Guide|Checklist|Article,Focused|Motivated,Late Night,Low,Flexible,Medium,Campus-Centered,Weekday,Laptop,Watford,Balanced,25,0.6
U0295,21-23,Postgraduate Research,Full-time,Wellness Seeker,Lifestyle|Study|Food,Guide|Article,Calm|Motivated,Evening,Medium,Balanced,Medium,Mixed,Weekday,Laptop,Hatfield,Familiar,40,0.6
U0296,24-26,Postgraduate Taught,Part-time,Career Builder,Productivity|Tech|Career|Finance,Article|Long Video|Guide,Focused|Curious,Afternoon,Medium,Tight Schedule,Low,Mixed,Weekday,Laptop,Hatfield,Balanced,31,0.65
U0297,21-23,Undergraduate,Part-time,Career Builder,Tech|Study|Career,Guide|Podcast,Curious|Focused,Morning,High,Balanced,Low,Campus-Centered,Weekday,Laptop,Hatfield,Balanced,36,0.77
U0298,18-20,Undergraduate,Full-time,Campus Connector,Study|Events|Lifestyle,Article|Guide|Carousel,Motivated|Social,Early Morning,Medium,Tight Schedule,Medium,Campus-Centered,Weekend,Mobile,St Albans,Exploratory,42,0.65
U0299,21-23,Postgraduate Taught,Full-time,Budget Explorer,Travel|Food|Lifestyle,Guide|Short Video,Energetic|Curious,Morning,Medium,Balanced,High,Mixed,Mixed,Mobile,Remote/Online,Trendy,28,0.58
U0300,24-26,Undergraduate,Full-time,Campus Connector,Lifestyle|Career,Guide|Article,Motivated|Curious,Afternoon,High,Flexible,Medium,Mixed,Weekday,Mobile,Hatfield,Exploratory,26,0.77
U0301,21-23,Undergraduate,Full-time,Minimalist Achiever,Finance|Productivity,Short Video|Guide|Checklist,Focused|Calm,Afternoon,Medium,Tight Schedule,High,Campus-Centered,Mixed,Mobile,Watford,Familiar,39,0.59
U0302,21-23,Postgraduate Taught,Full-time,Budget Explorer,Events|Food|Travel,Article|Guide|Carousel,Relaxed|Curious,Morning,High,Balanced,High,Mixed,Weekend,Mobile,Watford,Trendy,40,0.91
U0303,21-23,Postgraduate Taught,Full-time,Pop Culture Browser,Food|Music|Events|Entertainment,Short Video|Playlist|Video,Relaxed|Curious,Late Night,Low,Balanced,Low,Mixed,Weekday,Mobile,London,Trendy,35,0.98
U0304,21-23,Undergraduate,Full-time,Pop Culture Browser,Food|Music|Events|Entertainment,Playlist|Video|Carousel,Relaxed|Excited,Afternoon,Low,Balanced,Low,Mixed,Weekend,Mobile,London,Trendy,22,0.55
U0305,18-20,Undergraduate,Full-time,Campus Connector,Events|Study|Lifestyle|Career,Guide|Carousel,Social|Curious,Afternoon,High,Flexible,Medium,Mixed,Mixed,Mobile,Remote/Online,Exploratory,11,0.93
U0306,24-26,Undergraduate,Part-time,Wellness Seeker,Lifestyle|Food,Short Video|Podcast|Article,Motivated|Relaxed,Afternoon,Low,Balanced,Medium,Campus-Centered,Mixed,Mobile,London,Familiar,38,0.71
U0307,24-26,Undergraduate,Full-time,Pop Culture Browser,Lifestyle|Food|Music|Entertainment,Video|Carousel|Short Video,Excited|Relaxed,Evening,High,Balanced,Low,Campus-Centered,Weekend,Mobile,Hatfield,Trendy,34,0.56
U0308,18-20,Postgraduate Taught,Full-time,Pop Culture Browser,Music|Food|Entertainment|Events,Playlist|Carousel,Excited|Curious,Morning,Medium,Tight Schedule,Low,Mixed,Mixed,Mobile,Hatfield,Trendy,57,0.74
U0309,21-23,Undergraduate,Part-time,Focused Planner,Study|Finance|Wellness,Article|Podcast,Motivated|Focused,Evening,Medium,Balanced,Medium,Mixed,Mixed,Mobile,Hatfield,Balanced,32,0.82
U0310,18-20,Postgraduate Taught,Full-time,Career Builder,Productivity|Career,Guide|Article|Long Video,Motivated|Focused,Afternoon,Low,Tight Schedule,Low,Campus-Centered,Mixed,Laptop,Remote/Online,Balanced,36,0.75
U0311,21-23,Undergraduate,Full-time,Minimalist Achiever,Career|Finance|Wellness,Article|Guide,Motivated|Calm,Morning,High,Flexible,High,Off-Campus,Weekday,Laptop,St Albans,Familiar,22,0.79
U0312,27-30,Postgraduate Taught,Full-time,Minimalist Achiever,Study|Career|Wellness,Short Video|Checklist|Article,Calm|Motivated,Morning,Medium,Tight Schedule,High,Mixed,Mixed,Mobile,London,Familiar,51,0.91
U0313,24-26,Undergraduate,Full-time,Pop Culture Browser,Music|Food,Playlist|Carousel|Video,Excited|Relaxed,Early Morning,High,Tight Schedule,Low,Campus-Centered,Weekday,Tablet,Luton,Trendy,48,0.65
U0314,27-30,Postgraduate Taught,Full-time,Career Builder,Finance|Study|Career|Productivity,Guide|Long Video,Focused|Curious,Evening,Medium,Flexible,Low,Mixed,Weekend,Laptop,Hatfield,Balanced,20,0.7
U0315,18-20,Undergraduate,Full-time,Wellness Seeker,Wellness|Food|Study|Lifestyle,Podcast|Guide,Relaxed|Calm,Late Night,Low,Tight Schedule,Medium,Mixed,Mixed,Mobile,Luton,Familiar,31,0.87
U0316,21-23,Postgraduate Taught,Full-time,Budget Explorer,Events|Travel,Guide|Carousel|Article,Curious|Relaxed,Afternoon,High,Tight Schedule,High,Campus-Centered,Mixed,Mobile,Remote/Online,Trendy,12,0.93
U0317,24-26,Postgraduate Research,Full-time,Budget Explorer,Travel|Events,Short Video|Article,Energetic|Relaxed,Afternoon,Low,Tight Schedule,High,Mixed,Mixed,Mobile,Remote/Online,Trendy,29,0.66
U0318,18-20,Undergraduate,Full-time,Budget Explorer,Food|Events|Deals,Article|Guide,Curious|Relaxed,Morning,Low,Tight Schedule,High,Mixed,Weekend,Mobile,Hatfield,Trendy,19,0.49
U0319,24-26,Postgraduate Research,Full-time,Pop Culture Browser,Entertainment|Lifestyle|Food|Music,Short Video|Video,Relaxed|Curious,Evening,High,Balanced,Low,Campus-Centered,Weekday,Laptop,Hatfield,Trendy,40,0.73
U0320,24-26,Postgraduate Research,Full-time,Wellness Seeker,Fitness|Study|Food,Article|Podcast,Motivated|Calm,Evening,Medium,Flexible,Medium,Campus-Centered,Weekday,Mobile,Watford,Familiar,16,0.54
U0321,21-23,Postgraduate Taught,Full-time,Weekend Adventurer,Events|Entertainment|Food|Travel,Guide|Video,Curious|Excited,Afternoon,Medium,Balanced,Medium,Mixed,Weekend,Mobile,Watford,Exploratory,27,0.95
U0322,27-30,Undergraduate,Part-time,Focused Planner,Productivity|Finance|Study,Podcast|Checklist|Guide,Calm|Motivated,Morning,Medium,Tight Schedule,Medium,Off-Campus,Weekend,Mobile,St Albans,Balanced,28,0.51
U0323,18-20,Undergraduate,Full-time,Pop Culture Browser,Entertainment|Music,Carousel|Playlist|Short Video,Relaxed|Excited,Evening,High,Tight Schedule,Low,Off-Campus,Mixed,Mobile,Watford,Trendy,28,0.68
U0324,18-20,Undergraduate,Full-time,Wellness Seeker,Lifestyle|Food|Fitness,Short Video|Podcast|Guide,Calm|Motivated,Morning,Medium,Tight Schedule,Medium,Campus-Centered,Weekday,Laptop,Remote/Online,Familiar,8,0.71
U0325,21-23,Undergraduate,Full-time,Career Builder,Finance|Productivity|Study|Career,Long Video|Article,Curious|Motivated,Morning,High,Flexible,Low,Campus-Centered,Weekend,Laptop,St Albans,Balanced,28,0.82
U0326,24-26,Undergraduate,Full-time,Weekend Adventurer,Entertainment|Lifestyle|Travel,Video|Guide,Curious|Energetic,Evening,High,Balanced,Medium,Campus-Centered,Mixed,Laptop,Watford,Exploratory,51,0.88
U0327,21-23,Undergraduate,Part-time,Wellness Seeker,Study|Fitness|Food,Short Video|Guide,Relaxed|Calm,Evening,High,Tight Schedule,Medium,Campus-Centered,Mixed,Mobile,Watford,Familiar,28,0.57
U0328,18-20,Undergraduate,Full-time,Focused Planner,Career|Finance|Productivity|Study,Podcast|Guide|Checklist,Motivated|Focused,Early Morning,Medium,Flexible,Medium,Campus-Centered,Weekday,Mobile,Hatfield,Balanced,59,0.73
U0329,21-23,Undergraduate,Full-time,Pop Culture Browser,Food|Lifestyle|Music,Carousel|Playlist,Excited|Relaxed,Early Morning,Medium,Balanced,Low,Campus-Centered,Weekend,Laptop,Watford,Trendy,31,0.72
U0330,27-30,Undergraduate,Full-time,Budget Explorer,Lifestyle|Deals|Food,Short Video|Guide|Carousel,Relaxed|Curious,Afternoon,Low,Balanced,High,Mixed,Mixed,Mobile,London,Trendy,33,0.7
U0331,21-23,Undergraduate,Full-time,Wellness Seeker,Fitness|Food|Wellness,Podcast|Guide|Short Video,Calm|Motivated,Morning,Medium,Balanced,Medium,Mixed,Weekday,Mobile,Watford,Familiar,24,0.64
U0332,24-26,Postgraduate Taught,Part-time,Campus Connector,Food|Lifestyle|Career,Article|Guide,Social|Motivated,Afternoon,Medium,Flexible,Medium,Off-Campus,Mixed,Laptop,Hatfield,Exploratory,30,0.64
U0333,24-26,Undergraduate,Full-time,Weekend Adventurer,Food|Events,Video|Short Video|Guide,Curious|Energetic,Morning,Medium,Balanced,Medium,Campus-Centered,Weekday,Mobile,Hatfield,Exploratory,23,0.73
U0334,18-20,Postgraduate Research,Part-time,Campus Connector,Career|Study|Food|Events,Carousel|Guide|Short Video,Motivated|Curious,Afternoon,Medium,Balanced,Medium,Off-Campus,Mixed,Mobile,London,Exploratory,28,0.93
U0335,24-26,Postgraduate Taught,Full-time,Career Builder,Tech|Finance,Guide|Long Video|Podcast,Curious|Motivated,Evening,Medium,Flexible,Low,Campus-Centered,Weekday,Mobile,Hatfield,Balanced,8,0.87
U0336,27-30,Postgraduate Taught,Part-time,Career Builder,Career|Study|Finance|Productivity,Podcast|Long Video,Focused|Curious,Afternoon,High,Balanced,Low,Off-Campus,Weekday,Tablet,London,Balanced,44,0.43
U0337,21-23,Undergraduate,Part-time,Campus Connector,Events|Study|Lifestyle|Food,Short Video|Guide|Carousel,Social|Motivated,Evening,Medium,Tight Schedule,Medium,Off-Campus,Weekday,Mobile,Remote/Online,Exploratory,27,0.67
U0338,21-23,Undergraduate,Part-time,Minimalist Achiever,Study|Finance|Productivity|Career,Short Video|Guide,Focused|Calm,Evening,High,Balanced,High,Mixed,Weekend,Laptop,Luton,Familiar,15,0.61
U0339,21-23,Undergraduate,Full-time,Pop Culture Browser,Entertainment|Food|Events,Carousel|Playlist,Relaxed|Curious,Morning,Medium,Balanced,Low,Off-Campus,Mixed,Laptop,Remote/Online,Trendy,18,0.97
U0340,24-26,Undergraduate,Full-time,Pop Culture Browser,Lifestyle|Food|Events,Playlist|Short Video,Relaxed|Excited,Evening,High,Flexible,Low,Off-Campus,Mixed,Mobile,Remote/Online,Trendy,41,0.9
U0341,21-23,Postgraduate Taught,Full-time,Minimalist Achiever,Wellness|Career|Productivity|Finance,Article|Short Video,Motivated|Focused,Late Night,Low,Flexible,High,Campus-Centered,Mixed,Mobile,Remote/Online,Familiar,38,0.56
U0342,21-23,Undergraduate,Full-time,Career Builder,Study|Career|Tech|Finance,Podcast|Article,Focused|Motivated,Evening,Medium,Balanced,Low,Mixed,Weekday,Mobile,Hatfield,Balanced,25,0.79
U0343,21-23,Postgraduate Taught,Full-time,Wellness Seeker,Food|Lifestyle,Article|Guide,Motivated|Relaxed,Morning,Medium,Balanced,Medium,Campus-Centered,Weekday,Mobile,Hatfield,Familiar,17,0.82
U0344,24-26,Undergraduate,Full-time,Budget Explorer,Events|Food|Deals,Carousel|Article|Guide,Curious|Energetic,Evening,Low,Flexible,High,Off-Campus,Weekday,Mobile,London,Trendy,28,0.67
U0345,21-23,Postgraduate Taught,Full-time,Budget Explorer,Lifestyle|Food,Carousel|Article,Energetic|Relaxed,Evening,High,Balanced,High,Campus-Centered,Mixed,Mobile,Remote/Online,Trendy,38,0.78
U0346,24-26,Undergraduate,Part-time,Wellness Seeker,Lifestyle|Wellness|Study|Food,Guide|Article,Relaxed|Calm,Early Morning,Medium,Balanced,Medium,Off-Campus,Mixed,Mobile,Hatfield,Familiar,27,0.88
U0347,21-23,Undergraduate,Part-time,Pop Culture Browser,Entertainment|Events,Video|Carousel,Curious|Relaxed,Morning,Low,Balanced,Low,Off-Campus,Weekend,Mobile,St Albans,Trendy,19,0.81
U0348,24-26,Undergraduate,Full-time,Focused Planner,Productivity|Career|Wellness,Article|Guide|Podcast,Motivated|Calm,Evening,High,Balanced,Medium,Off-Campus,Mixed,Mobile,Remote/Online,Balanced,37,0.68
U0349,21-23,Postgraduate Taught,Full-time,Pop Culture Browser,Events|Music|Entertainment,Playlist|Video,Excited|Relaxed,Evening,High,Tight Schedule,Low,Mixed,Weekend,Mobile,Hatfield,Trendy,34,0.54
U0350,21-23,Undergraduate,Full-time,Career Builder,Finance|Productivity|Career,Long Video|Article|Podcast,Motivated|Focused,Late Night,Medium,Balanced,Low,Mixed,Weekday,Laptop,Hatfield,Balanced,41,0.69
U0351,21-23,Postgraduate Taught,Part-time,Career Builder,Tech|Productivity|Study,Guide|Long Video|Article,Curious|Motivated,Late Night,High,Tight Schedule,Low,Mixed,Mixed,Mobile,Hatfield,Balanced,25,0.87
U0352,21-23,Undergraduate,Full-time,Focused Planner,Study|Finance|Wellness,Article|Checklist,Calm|Motivated,Evening,Medium,Tight Schedule,Medium,Campus-Centered,Weekend,Mobile,Watford,Balanced,23,0.52
U0353,21-23,Postgraduate Taught,Full-time,Budget Explorer,Deals|Food,Carousel|Guide,Energetic|Relaxed,Afternoon,Medium,Flexible,High,Off-Campus,Weekday,Mobile,Watford,Trendy,13,0.8
U0354,21-23,Undergraduate,Full-time,Wellness Seeker,Wellness|Lifestyle|Food|Study,Short Video|Article,Motivated|Relaxed,Early Morning,Medium,Tight Schedule,Medium,Mixed,Mixed,Laptop,Remote/Online,Familiar,16,0.97
U0355,18-20,Undergraduate,Full-time,Pop Culture Browser,Entertainment|Music|Food,Video|Short Video,Relaxed|Curious,Late Night,High,Balanced,Low,Mixed,Mixed,Mobile,Hatfield,Trendy,8,0.96
U0356,21-23,Postgraduate Taught,Full-time,Career Builder,Study|Career|Tech,Article|Podcast,Motivated|Focused,Evening,High,Balanced,Low,Off-Campus,Weekday,Mobile,London,Balanced,33,0.71
U0357,18-20,Postgraduate Taught,Full-time,Pop Culture Browser,Lifestyle|Events|Entertainment,Carousel|Video|Playlist,Excited|Curious,Morning,Low,Flexible,Low,Campus-Centered,Mixed,Laptop,St Albans,Trendy,25,0.78
U0358,21-23,Postgraduate Research,Part-time,Career Builder,Finance|Productivity,Podcast|Article|Guide,Curious|Focused,Evening,Medium,Tight Schedule,Low,Campus-Centered,Mixed,Tablet,Luton,Balanced,30,0.87
U0359,21-23,Undergraduate,Full-time,Pop Culture Browser,Events|Lifestyle|Entertainment|Food,Short Video|Playlist|Video,Excited|Curious,Morning,Medium,Tight Schedule,Low,Mixed,Mixed,Mobile,Hatfield,Trendy,32,0.74
U0360,21-23,Undergraduate,Part-time,Pop Culture Browser,Food|Entertainment,Playlist|Video,Excited|Relaxed,Morning,Medium,Balanced,Low,Mixed,Mixed,Laptop,Remote/Online,Trendy,27,0.71
U0361,18-20,Postgraduate Taught,Part-time,Wellness Seeker,Wellness|Lifestyle,Article|Short Video|Podcast,Relaxed|Calm,Late Night,Low,Balanced,Medium,Mixed,Mixed,Mobile,Remote/Online,Familiar,34,0.48
U0362,24-26,Undergraduate,Full-time,Budget Explorer,Lifestyle|Travel|Food,Carousel|Article,Curious|Relaxed,Evening,Low,Tight Schedule,High,Mixed,Weekend,Laptop,Hatfield,Trendy,16,0.82
U0363,24-26,Postgraduate Taught,Full-time,Pop Culture Browser,Lifestyle|Music|Entertainment|Food,Carousel|Video|Playlist,Relaxed|Curious,Late Night,Medium,Tight Schedule,Low,Mixed,Mixed,Mobile,St Albans,Trendy,32,0.69
U0364,21-23,Postgraduate Taught,Part-time,Focused Planner,Study|Productivity|Career|Wellness,Checklist|Podcast|Guide,Motivated|Focused,Evening,Medium,Balanced,Medium,Mixed,Weekday,Mobile,Luton,Balanced,31,0.77
U0365,24-26,Undergraduate,Part-time,Pop Culture Browser,Events|Lifestyle|Entertainment|Music,Short Video|Playlist,Excited|Relaxed,Afternoon,High,Tight Schedule,Low,Mixed,Weekend,Laptop,Hatfield,Trendy,25,0.61
U0366,21-23,Undergraduate,Full-time,Focused Planner,Wellness|Career|Productivity|Study,Article|Podcast|Checklist,Focused|Calm,Late Night,Medium,Tight Schedule,Medium,Mixed,Weekend,Tablet,Luton,Balanced,33,0.58
U0367,21-23,Postgraduate Taught,Part-time,Minimalist Achiever,Wellness|Career|Finance|Study,Guide|Article|Short Video,Motivated|Calm,Evening,Medium,Tight Schedule,High,Mixed,Mixed,Mobile,Hatfield,Familiar,35,0.48
U0368,21-23,Postgraduate Research,Full-time,Minimalist Achiever,Career|Finance|Productivity,Short Video|Article|Guide,Motivated|Calm,Late Night,Medium,Flexible,High,Campus-Centered,Weekday,Laptop,Hatfield,Familiar,42,0.79
U0369,21-23,Undergraduate,Full-time,Pop Culture Browser,Entertainment|Music|Lifestyle|Events,Video|Playlist,Curious|Excited,Afternoon,High,Tight Schedule,Low,Campus-Centered,Weekend,Tablet,Hatfield,Trendy,33,0.86
U0370,21-23,Undergraduate,Full-time,Career Builder,Productivity|Study,Podcast|Article,Motivated|Focused,Morning,High,Balanced,Low,Campus-Centered,Weekend,Mobile,St Albans,Balanced,49,0.86
U0371,21-23,Undergraduate,Part-time,Campus Connector,Study|Career|Food|Lifestyle,Guide|Carousel|Article,Social|Curious,Morning,Medium,Flexible,Medium,Off-Campus,Mixed,Laptop,Remote/Online,Exploratory,10,0.54
U0372,21-23,Undergraduate,Full-time,Pop Culture Browser,Events|Entertainment|Food|Lifestyle,Short Video|Playlist,Curious|Relaxed,Evening,High,Flexible,Low,Campus-Centered,Weekday,Laptop,Luton,Trendy,24,0.72
U0373,18-20,Postgraduate Taught,Full-time,Wellness Seeker,Study|Food,Article|Guide|Short Video,Calm|Motivated,Afternoon,Medium,Flexible,Medium,Mixed,Weekday,Mobile,Luton,Familiar,36,0.62
U0374,18-20,Postgraduate Taught,Full-time,Budget Explorer,Travel|Food|Lifestyle,Article|Short Video|Guide,Curious|Relaxed,Afternoon,Low,Tight Schedule,High,Mixed,Mixed,Mobile,Watford,Trendy,33,0.61
U0375,21-23,Postgraduate Research,Full-time,Career Builder,Finance|Career,Long Video|Podcast|Article,Curious|Motivated,Early Morning,Low,Tight Schedule,Low,Mixed,Mixed,Mobile,St Albans,Balanced,24,0.52
U0376,21-23,Undergraduate,Full-time,Focused Planner,Wellness|Study|Productivity|Finance,Guide|Podcast,Motivated|Calm,Late Night,High,Balanced,Medium,Campus-Centered,Weekday,Laptop,Hatfield,Balanced,20,0.53
U0377,18-20,Undergraduate,Full-time,Budget Explorer,Deals|Lifestyle|Events|Food,Short Video|Carousel|Guide,Energetic|Relaxed,Afternoon,Medium,Tight Schedule,High,Mixed,Mixed,Laptop,Remote/Online,Trendy,20,0.87
U0378,21-23,Undergraduate,Full-time,Pop Culture Browser,Lifestyle|Events|Entertainment|Music,Video|Carousel|Playlist,Relaxed|Curious,Early Morning,High,Balanced,Low,Off-Campus,Mixed,Laptop,London,Trendy,20,0.98
U0379,18-20,Postgraduate Taught,Full-time,Campus Connector,Events|Career|Food|Study,Short Video|Article,Curious|Motivated,Late Night,Medium,Balanced,Medium,Off-Campus,Weekend,Mobile,Hatfield,Exploratory,36,0.75
U0380,21-23,Postgraduate Taught,Full-time,Weekend Adventurer,Food|Events|Travel|Entertainment,Video|Carousel,Excited|Energetic,Late Night,Low,Flexible,Medium,Mixed,Weekday,Mobile,London,Exploratory,21,0.82
U0381,21-23,Undergraduate,Full-time,Budget Explorer,Events|Travel,Article|Guide,Energetic|Curious,Early Morning,Medium,Flexible,High,Campus-Centered,Mixed,Laptop,London,Trendy,24,0.74
U0382,18-20,Undergraduate,Full-time,Pop Culture Browser,Entertainment|Lifestyle|Events,Playlist|Video,Curious|Relaxed,Late Night,Medium,Flexible,Low,Campus-Centered,Weekday,Mobile,St Albans,Trendy,59,0.71
U0383,18-20,Undergraduate,Full-time,Focused Planner,Career|Productivity,Guide|Podcast,Motivated|Focused,Afternoon,Low,Tight Schedule,Medium,Mixed,Weekday,Laptop,Remote/Online,Balanced,43,0.62
U0384,18-20,Undergraduate,Full-time,Campus Connector,Events|Lifestyle,Short Video|Carousel,Social|Curious,Late Night,Medium,Balanced,Medium,Mixed,Weekday,Mobile,Hatfield,Exploratory,30,0.97
U0385,21-23,Postgraduate Taught,Full-time,Weekend Adventurer,Travel|Events|Lifestyle|Entertainment,Guide|Carousel,Curious|Energetic,Evening,Low,Tight Schedule,Medium,Mixed,Weekday,Laptop,London,Exploratory,24,0.97
U0386,21-23,Undergraduate,Full-time,Focused Planner,Finance|Wellness|Career,Podcast|Checklist,Focused|Motivated,Late Night,High,Balanced,Medium,Campus-Centered,Mixed,Mobile,London,Balanced,38,0.64
U0387,21-23,Undergraduate,Part-time,Pop Culture Browser,Events|Lifestyle|Music,Video|Short Video|Playlist,Excited|Curious,Evening,Low,Balanced,Low,Mixed,Weekday,Mobile,London,Trendy,37,0.86
U0388,18-20,Undergraduate,Part-time,Weekend Adventurer,Lifestyle|Events,Video|Guide,Energetic|Excited,Late Night,Medium,Balanced,Medium,Campus-Centered,Mixed,Laptop,Remote/Online,Exploratory,37,0.5
U0389,27-30,Undergraduate,Part-time,Wellness Seeker,Study|Food|Lifestyle,Short Video|Guide|Article,Motivated|Calm,Morning,High,Balanced,Medium,Mixed,Weekday,Mobile,Luton,Familiar,23,0.69
U0390,18-20,Undergraduate,Full-time,Campus Connector,Lifestyle|Study|Career|Events,Short Video|Carousel,Motivated|Social,Early Morning,Low,Tight Schedule,Medium,Campus-Centered,Weekday,Mobile,Remote/Online,Exploratory,30,0.81
U0391,18-20,Postgraduate Taught,Full-time,Pop Culture Browser,Food|Music|Entertainment,Short Video|Carousel,Relaxed|Excited,Late Night,High,Flexible,Low,Campus-Centered,Weekday,Laptop,Watford,Trendy,32,0.53
U0392,21-23,Undergraduate,Full-time,Minimalist Achiever,Finance|Productivity|Wellness|Study,Guide|Checklist,Focused|Calm,Evening,High,Flexible,High,Campus-Centered,Weekday,Mobile,London,Familiar,35,0.81
U0393,18-20,Undergraduate,Part-time,Weekend Adventurer,Lifestyle|Entertainment,Short Video|Video,Energetic|Curious,Evening,Medium,Balanced,Medium,Mixed,Weekday,Mobile,Watford,Exploratory,37,0.87
U0394,18-20,Undergraduate,Full-time,Pop Culture Browser,Lifestyle|Events|Food,Short Video|Carousel|Playlist,Excited|Relaxed,Late Night,Medium,Flexible,Low,Campus-Centered,Weekend,Mobile,Hatfield,Trendy,40,0.78
U0395,21-23,Undergraduate,Full-time,Career Builder,Productivity|Career|Tech,Long Video|Article|Podcast,Focused|Motivated,Afternoon,Medium,Tight Schedule,Low,Campus-Centered,Mixed,Mobile,London,Balanced,30,0.49
U0396,21-23,Postgraduate Taught,Full-time,Wellness Seeker,Food|Fitness,Article|Short Video,Motivated|Relaxed,Afternoon,Medium,Tight Schedule,Medium,Mixed,Weekday,Laptop,Watford,Familiar,35,0.75
U0397,24-26,Undergraduate,Full-time,Wellness Seeker,Wellness|Food|Fitness,Short Video|Guide|Article,Calm|Motivated,Afternoon,Medium,Balanced,Medium,Mixed,Mixed,Laptop,Watford,Familiar,33,0.54
U0398,21-23,Postgraduate Taught,Full-time,Career Builder,Finance|Productivity,Long Video|Guide|Article,Curious|Motivated,Afternoon,Medium,Balanced,Low,Mixed,Weekend,Mobile,St Albans,Balanced,19,0.87
U0399,21-23,Postgraduate Taught,Part-time,Pop Culture Browser,Food|Events|Music|Entertainment,Video|Short Video,Curious|Excited,Late Night,High,Flexible,Low,Campus-Centered,Weekend,Mobile,Hatfield,Trendy,30,0.82
U0400,18-20,Undergraduate,Part-time,Focused Planner,Finance|Career|Productivity|Wellness,Guide|Article,Calm|Motivated,Late Night,Medium,Tight Schedule,Medium,Campus-Centered,Weekend,Mobile,St Albans,Balanced,31,0.72
U0401,21-23,Postgraduate Research,Full-time,Focused Planner,Finance|Wellness|Productivity,Guide|Podcast,Focused|Calm,Afternoon,High,Balanced,Medium,Mixed,Weekend,Laptop,Remote/Online,Balanced,41,0.65
U0402,18-20,Undergraduate,Full-time,Wellness Seeker,Lifestyle|Food|Wellness|Study,Short Video|Article,Relaxed|Motivated,Late Night,Medium,Balanced,Medium,Campus-Centered,Weekday,Laptop,Remote/Online,Familiar,32,0.66
U0403,18-20,Postgraduate Taught,Full-time,Weekend Adventurer,Food|Entertainment|Lifestyle|Travel,Video|Short Video|Carousel,Excited|Energetic,Afternoon,High,Flexible,Medium,Campus-Centered,Mixed,Mobile,Watford,Exploratory,26,0.68
U0404,18-20,Undergraduate,Full-time,Focused Planner,Study|Finance|Wellness|Productivity,Article|Checklist|Guide,Motivated|Calm,Afternoon,Low,Balanced,Medium,Mixed,Mixed,Mobile,Hatfield,Balanced,33,0.65
U0405,27-30,Undergraduate,Part-time,Focused Planner,Career|Finance,Checklist|Article|Podcast,Focused|Motivated,Evening,Medium,Flexible,Medium,Mixed,Weekday,Mobile,Watford,Balanced,44,0.59
U0406,21-23,Undergraduate,Full-time,Budget Explorer,Food|Lifestyle|Events|Travel,Article|Short Video|Guide,Relaxed|Curious,Late Night,Medium,Balanced,High,Campus-Centered,Weekday,Mobile,Luton,Trendy,28,0.66
U0407,21-23,Undergraduate,Full-time,Campus Connector,Food|Study,Carousel|Guide,Curious|Motivated,Afternoon,High,Balanced,Medium,Off-Campus,Weekday,Mobile,St Albans,Exploratory,46,0.75
U0408,21-23,Undergraduate,Full-time,Focused Planner,Career|Study|Wellness,Checklist|Guide,Calm|Focused,Morning,Medium,Balanced,Medium,Mixed,Weekday,Laptop,London,Balanced,42,0.51
U0409,21-23,Postgraduate Taught,Full-time,Weekend Adventurer,Events|Entertainment,Carousel|Short Video|Guide,Energetic|Excited,Morning,Low,Tight Schedule,Medium,Mixed,Mixed,Mobile,Remote/Online,Exploratory,33,0.84
U0410,18-20,Undergraduate,Full-time,Career Builder,Career|Study|Productivity,Guide|Long Video,Motivated|Curious,Early Morning,High,Tight Schedule,Low,Campus-Centered,Weekday,Mobile,Hatfield,Balanced,31,0.87
U0411,21-23,Postgraduate Research,Full-time,Focused Planner,Wellness|Finance|Career|Study,Podcast|Guide,Calm|Focused,Evening,High,Tight Schedule,Medium,Mixed,Weekend,Mobile,Hatfield,Balanced,25,0.92
U0412,27-30,Undergraduate,Part-time,Minimalist Achiever,Career|Finance,Guide|Short Video|Checklist,Focused|Calm,Early Morning,Medium,Tight Schedule,High,Mixed,Mixed,Tablet,Hatfield,Familiar,56,0.67
U0413,21-23,Postgraduate Research,Full-time,Focused Planner,Finance|Career|Productivity|Wellness,Checklist|Article,Calm|Focused,Evening,Medium,Flexible,Medium,Campus-Centered,Weekend,Mobile,St Albans,Balanced,26,0.92
U0414,24-26,Undergraduate,Full-time,Wellness Seeker,Fitness|Lifestyle|Wellness,Short Video|Article|Guide,Relaxed|Motivated,Evening,Low,Balanced,Medium,Mixed,Weekday,Mobile,St Albans,Familiar,48,0.65
U0415,21-23,Undergraduate,Full-time,Budget Explorer,Food|Events,Carousel|Article|Guide,Relaxed|Curious,Late Night,High,Balanced,High,Campus-Centered,Mixed,Mobile,London,Trendy,26,0.68
U0416,24-26,Undergraduate,Full-time,Budget Explorer,Lifestyle|Events|Deals,Guide|Carousel|Short Video,Energetic|Curious,Evening,High,Balanced,High,Mixed,Weekday,Mobile,Watford,Trendy,16,0.59
U0417,18-20,Postgraduate Research,Part-time,Budget Explorer,Events|Travel|Food|Lifestyle,Carousel|Article,Curious|Energetic,Evening,High,Tight Schedule,High,Campus-Centered,Mixed,Laptop,St Albans,Trendy,19,0.61
U0418,21-23,Postgraduate Research,Full-time,Weekend Adventurer,Travel|Lifestyle|Food,Video|Carousel|Short Video,Excited|Energetic,Late Night,Medium,Tight Schedule,Medium,Mixed,Weekend,Laptop,Watford,Exploratory,30,0.75
U0419,18-20,Undergraduate,Full-time,Budget Explorer,Travel|Events|Food,Article|Guide|Short Video,Curious|Energetic,Afternoon,High,Flexible,High,Off-Campus,Weekend,Laptop,Hatfield,Trendy,48,0.58
U0420,21-23,Postgraduate Taught,Full-time,Pop Culture Browser,Events|Entertainment,Short Video|Video|Carousel,Relaxed|Excited,Afternoon,Medium,Balanced,Low,Campus-Centered,Mixed,Tablet,Hatfield,Trendy,41,0.69
U0421,21-23,Undergraduate,Full-time,Wellness Seeker,Lifestyle|Food,Short Video|Guide|Podcast,Relaxed|Motivated,Afternoon,High,Balanced,Medium,Campus-Centered,Weekend,Mobile,Hatfield,Familiar,30,0.81
U0422,21-23,Undergraduate,Full-time,Career Builder,Study|Productivity|Career|Finance,Article|Long Video|Podcast,Curious|Focused,Evening,Medium,Tight Schedule,Low,Campus-Centered,Weekday,Laptop,Hatfield,Balanced,18,0.77
U0423,18-20,Undergraduate,Full-time,Career Builder,Study|Tech|Finance|Career,Long Video|Article|Guide,Curious|Motivated,Evening,Medium,Tight Schedule,Low,Mixed,Weekday,Laptop,London,Balanced,32,0.79
U0424,21-23,Undergraduate,Part-time,Campus Connector,Lifestyle|Events,Article|Carousel|Short Video,Curious|Motivated,Morning,High,Flexible,Medium,Campus-Centered,Weekend,Mobile,Watford,Exploratory,34,0.98
U0425,21-23,Postgraduate Taught,Full-time,Pop Culture Browser,Entertainment|Music|Events|Lifestyle,Playlist|Short Video,Curious|Excited,Late Night,High,Balanced,Low,Mixed,Mixed,Mobile,Hatfield,Trendy,23,0.65
U0426,21-23,Undergraduate,Full-time,Budget Explorer,Food|Events|Deals,Article|Guide|Short Video,Energetic|Curious,Evening,Low,Balanced,High,Campus-Centered,Weekend,Mobile,Luton,Trendy,24,0.64
U0427,18-20,Postgraduate Research,Part-time,Campus Connector,Career|Study,Guide|Carousel,Social|Motivated,Evening,Medium,Tight Schedule,Medium,Campus-Centered,Mixed,Laptop,Luton,Exploratory,23,0.89
U0428,27-30,Undergraduate,Part-time,Focused Planner,Career|Productivity|Study,Guide|Checklist|Podcast,Focused|Motivated,Evening,Medium,Balanced,Medium,Campus-Centered,Mixed,Mobile,St Albans,Balanced,46,0.64
U0429,21-23,Postgraduate Taught,Full-time,Career Builder,Productivity|Career|Finance|Tech,Long Video|Podcast|Article,Curious|Motivated,Late Night,High,Balanced,Low,Mixed,Weekday,Mobile,Luton,Balanced,21,0.79
U0430,18-20,Undergraduate,Full-time,Campus Connector,Food|Lifestyle,Article|Guide,Motivated|Curious,Evening,Medium,Balanced,Medium,Off-Campus,Weekday,Laptop,Remote/Online,Exploratory,24,0.81
U0431,21-23,Undergraduate,Full-time,Career Builder,Productivity|Career|Study,Long Video|Guide|Podcast,Curious|Focused,Morning,Medium,Tight Schedule,Low,Campus-Centered,Weekend,Mobile,London,Balanced,33,0.51
U0432,21-23,Postgraduate Taught,Full-time,Budget Explorer,Deals|Food|Travel|Lifestyle,Carousel|Article|Short Video,Curious|Energetic,Morning,Low,Tight Schedule,High,Mixed,Mixed,Mobile,St Albans,Trendy,48,0.97
U0433,21-23,Postgraduate Taught,Full-time,Pop Culture Browser,Events|Music|Entertainment,Short Video|Playlist|Carousel,Curious|Excited,Afternoon,High,Tight Schedule,Low,Off-Campus,Weekend,Laptop,London,Trendy,24,0.67
U0434,18-20,Postgraduate Taught,Full-time,Pop Culture Browser,Entertainment|Music,Short Video|Playlist,Relaxed|Excited,Afternoon,Medium,Flexible,Low,Campus-Centered,Mixed,Mobile,St Albans,Trendy,34,0.77
U0435,21-23,Undergraduate,Part-time,Wellness Seeker,Wellness|Fitness|Lifestyle,Podcast|Short Video,Relaxed|Calm,Evening,Low,Balanced,Medium,Mixed,Weekday,Mobile,Hatfield,Familiar,38,0.98
U0436,21-23,Postgraduate Research,Full-time,Campus Connector,Study|Career,Short Video|Carousel|Article,Curious|Social,Early Morning,Medium,Balanced,Medium,Off-Campus,Weekday,Mobile,London,Exploratory,29,0.61
U0437,18-20,Undergraduate,Full-time,Budget Explorer,Travel|Lifestyle|Deals|Food,Article|Carousel|Guide,Relaxed|Energetic,Afternoon,High,Tight Schedule,High,Mixed,Weekend,Mobile,Hatfield,Trendy,15,0.62
U0438,27-30,Undergraduate,Full-time,Campus Connector,Food|Events,Guide|Carousel,Social|Motivated,Afternoon,Low,Tight Schedule,Medium,Campus-Centered,Mixed,Mobile,Hatfield,Exploratory,30,0.97
U0439,18-20,Undergraduate,Full-time,Focused Planner,Study|Career,Guide|Checklist|Podcast,Focused|Motivated,Afternoon,Low,Balanced,Medium,Mixed,Weekday,Laptop,Remote/Online,Balanced,25,0.75
U0440,18-20,Undergraduate,Part-time,Pop Culture Browser,Food|Lifestyle,Video|Carousel|Playlist,Relaxed|Excited,Evening,Medium,Balanced,Low,Campus-Centered,Weekday,Laptop,Remote/Online,Trendy,30,0.89
U0441,21-23,Postgraduate Taught,Part-time,Pop Culture Browser,Music|Entertainment,Short Video|Carousel,Excited|Relaxed,Evening,Medium,Balanced,Low,Mixed,Mixed,Laptop,Watford,Trendy,58,0.65
U0442,21-23,Postgraduate Taught,Full-time,Career Builder,Productivity|Career|Finance|Tech,Article|Podcast|Guide,Motivated|Curious,Evening,High,Tight Schedule,Low,Off-Campus,Weekend,Tablet,St Albans,Balanced,25,0.87
U0443,18-20,Postgraduate Taught,Full-time,Career Builder,Career|Finance|Study,Guide|Article,Motivated|Focused,Afternoon,Medium,Flexible,Low,Off-Campus,Weekend,Laptop,Remote/Online,Balanced,38,0.98
U0444,24-26,Undergraduate,Full-time,Minimalist Achiever,Productivity|Study|Wellness,Article|Guide|Short Video,Motivated|Calm,Morning,Medium,Tight Schedule,High,Mixed,Mixed,Mobile,Remote/Online,Familiar,37,0.67
U0445,18-20,Postgraduate Research,Full-time,Focused Planner,Career|Study|Finance|Wellness,Podcast|Guide|Checklist,Calm|Focused,Late Night,Medium,Tight Schedule,Medium,Mixed,Weekday,Laptop,Watford,Balanced,37,0.88
U0446,27-30,Postgraduate Research,Full-time,Focused Planner,Productivity|Study|Finance,Podcast|Article|Checklist,Calm|Motivated,Evening,High,Balanced,Medium,Mixed,Weekday,Laptop,Remote/Online,Balanced,40,0.79
U0447,21-23,Undergraduate,Part-time,Career Builder,Study|Productivity|Career|Finance,Article|Guide,Focused|Motivated,Afternoon,Low,Balanced,Low,Campus-Centered,Weekend,Laptop,Hatfield,Balanced,42,0.88
U0448,24-26,Postgraduate Taught,Full-time,Budget Explorer,Travel|Events|Deals|Food,Article|Guide|Carousel,Curious|Relaxed,Morning,High,Flexible,High,Mixed,Mixed,Mobile,Hatfield,Trendy,46,0.81
U0449,21-23,Postgraduate Taught,Part-time,Focused Planner,Study|Finance,Guide|Article,Focused|Calm,Late Night,Medium,Balanced,Medium,Campus-Centered,Weekend,Mobile,Hatfield,Balanced,29,0.74
U0450,21-23,Undergraduate,Full-time,Weekend Adventurer,Entertainment|Events|Lifestyle,Video|Short Video,Energetic|Excited,Early Morning,High,Balanced,Medium,Campus-Centered,Weekend,Mobile,Hatfield,Exploratory,44,0.61
